,n_rep,num_qubits,n_gadgets,method,mapping,cx,pre-cx,broken_chains,steiner_nodes,I-index,doubles,q-corr
317,,6,17,pauli_polynomial_dynamic_ordering,"[2, 5, 0, 4, 1, 3]",45,21,5,4,34,3,22
402,,6,17,pauli_polynomial_dynamic_ordering,"[3, 1, 4, 0, 5, 2]",46,21,5,4,34,3,22
197,,6,17,pauli_polynomial_dynamic_ordering,"[2, 0, 5, 4, 1, 3]",48,22,6,7,42,3,18
341,,6,17,pauli_polynomial_dynamic_ordering,"[2, 5, 0, 4, 3, 1]",47,22,7,7,34,2,20
522,,6,17,pauli_polynomial_dynamic_ordering,"[3, 1, 4, 5, 0, 2]",44,22,6,7,42,3,18
378,,6,17,pauli_polynomial_dynamic_ordering,"[1, 3, 4, 0, 5, 2]",55,23,7,7,34,2,20
196,,6,17,pauli_polynomial_dynamic_ordering,"[2, 0, 4, 5, 1, 3]",44,24,9,10,44,1,17
256,,6,17,pauli_polynomial_dynamic_ordering,"[1, 4, 0, 5, 2, 3]",46,24,6,7,32,2,21
463,,6,17,pauli_polynomial_dynamic_ordering,"[3, 2, 5, 0, 4, 1]",43,24,6,7,32,2,21
523,,6,17,pauli_polynomial_dynamic_ordering,"[3, 1, 5, 4, 0, 2]",49,24,9,10,44,1,17
180,,6,17,pauli_polynomial_dynamic_ordering,"[3, 0, 4, 1, 2, 5]",53,27,9,12,39,1,18
188,,6,17,pauli_polynomial_dynamic_ordering,"[4, 0, 3, 1, 5, 2]",53,27,8,8,37,1,19
262,,6,17,pauli_polynomial_dynamic_ordering,"[1, 4, 0, 5, 3, 2]",53,27,6,6,34,2,20
457,,6,17,pauli_polynomial_dynamic_ordering,"[2, 3, 5, 0, 4, 1]",44,27,6,6,34,2,20
531,,6,17,pauli_polynomial_dynamic_ordering,"[2, 5, 1, 3, 0, 4]",59,27,8,8,37,1,19
539,,6,17,pauli_polynomial_dynamic_ordering,"[5, 2, 1, 4, 0, 3]",49,27,9,12,39,1,18
571,,6,17,pauli_polynomial_dynamic_ordering,"[3, 5, 4, 1, 0, 2]",49,27,8,11,44,2,17
143,,6,17,pauli_polynomial_dynamic_ordering,"[1, 0, 5, 4, 3, 2]",54,28,8,10,38,2,18
220,,6,17,pauli_polynomial_dynamic_ordering,"[2, 0, 4, 5, 3, 1]",57,28,10,13,42,1,16
250,,6,17,pauli_polynomial_dynamic_ordering,"[1, 4, 0, 2, 5, 3]",46,28,9,10,38,1,18
328,,6,17,pauli_polynomial_dynamic_ordering,"[4, 5, 0, 2, 1, 3]",49,28,8,10,43,2,16
337,,6,17,pauli_polynomial_dynamic_ordering,"[2, 3, 0, 5, 4, 1]",47,28,8,9,38,2,18
382,,6,17,pauli_polynomial_dynamic_ordering,"[1, 4, 5, 0, 3, 2]",54,28,8,9,38,2,18
391,,6,17,pauli_polynomial_dynamic_ordering,"[3, 1, 2, 0, 5, 4]",54,28,8,10,43,2,16
469,,6,17,pauli_polynomial_dynamic_ordering,"[3, 5, 2, 0, 4, 1]",48,28,9,10,38,1,18
44,,6,17,pauli_polynomial_dynamic_ordering,"[0, 4, 1, 3, 5, 2]",51,29,8,9,36,2,19
148,,6,17,pauli_polynomial_dynamic_ordering,"[2, 0, 1, 4, 5, 3]",55,29,8,11,44,2,17
190,,6,17,pauli_polynomial_dynamic_ordering,"[4, 0, 5, 1, 3, 2]",51,29,7,6,35,2,20
221,,6,17,pauli_polynomial_dynamic_ordering,"[2, 0, 5, 4, 3, 1]",53,29,8,10,42,2,16
245,,6,17,pauli_polynomial_dynamic_ordering,"[1, 2, 0, 5, 4, 3]",54,29,10,13,44,1,15
287,,6,17,pauli_polynomial_dynamic_ordering,"[5, 1, 0, 4, 3, 2]",54,29,8,11,39,1,18
291,,6,17,pauli_polynomial_dynamic_ordering,"[2, 5, 0, 1, 3, 4]",54,29,7,5,35,3,20
331,,6,17,pauli_polynomial_dynamic_ordering,"[3, 5, 0, 4, 1, 2]",56,29,7,9,38,2,20
388,,6,17,pauli_polynomial_dynamic_ordering,"[2, 1, 4, 0, 5, 3]",55,29,7,9,38,2,20
428,,6,17,pauli_polynomial_dynamic_ordering,"[4, 3, 1, 0, 5, 2]",59,29,7,5,35,3,20
474,,6,17,pauli_polynomial_dynamic_ordering,"[3, 4, 5, 0, 2, 1]",55,29,10,13,44,1,15
485,,6,17,pauli_polynomial_dynamic_ordering,"[1, 2, 5, 4, 0, 3]",64,29,10,14,40,0,17
500,,6,17,pauli_polynomial_dynamic_ordering,"[1, 4, 3, 5, 0, 2]",48,29,9,10,40,2,17
533,,6,17,pauli_polynomial_dynamic_ordering,"[2, 5, 1, 4, 0, 3]",60,29,7,8,38,1,20
675,,6,17,pauli_polynomial_dynamic_ordering,"[2, 5, 3, 1, 4, 0]",47,29,8,9,36,2,19
146,,6,17,pauli_polynomial_dynamic_ordering,"[2, 0, 1, 4, 3, 5]",58,30,9,14,43,2,16
165,,6,17,pauli_polynomial_dynamic_ordering,"[5, 0, 1, 3, 4, 2]",53,30,9,12,43,3,16
172,,6,17,pauli_polynomial_dynamic_ordering,"[2, 0, 4, 1, 5, 3]",54,30,9,11,42,1,18
173,,6,17,pauli_polynomial_dynamic_ordering,"[2, 0, 5, 1, 4, 3]",53,30,8,7,42,2,18
186,,6,17,pauli_polynomial_dynamic_ordering,"[3, 0, 4, 1, 5, 2]",56,30,7,8,38,1,20
187,,6,17,pauli_polynomial_dynamic_ordering,"[3, 0, 5, 1, 4, 2]",59,30,9,10,44,2,17
189,,6,17,pauli_polynomial_dynamic_ordering,"[5, 0, 3, 1, 4, 2]",54,30,9,12,43,3,16
198,,6,17,pauli_polynomial_dynamic_ordering,"[3, 0, 2, 4, 1, 5]",62,30,12,17,49,1,13
211,,6,17,pauli_polynomial_dynamic_ordering,"[3, 0, 5, 4, 1, 2]",57,30,8,10,42,2,18
234,,6,17,pauli_polynomial_dynamic_ordering,"[3, 0, 4, 5, 2, 1]",58,30,10,14,40,0,17
258,,6,17,pauli_polynomial_dynamic_ordering,"[1, 3, 0, 4, 5, 2]",53,30,9,9,38,1,18
282,,6,17,pauli_polynomial_dynamic_ordering,"[3, 1, 0, 4, 5, 2]",53,30,7,6,38,2,20
294,,6,17,pauli_polynomial_dynamic_ordering,"[3, 2, 0, 1, 4, 5]",55,30,9,12,43,2,16
299,,6,17,pauli_polynomial_dynamic_ordering,"[5, 2, 0, 1, 4, 3]",52,30,9,8,41,2,17
313,,6,17,pauli_polynomial_dynamic_ordering,"[2, 3, 0, 5, 1, 4]",50,30,8,7,37,2,19
319,,6,17,pauli_polynomial_dynamic_ordering,"[3, 2, 0, 5, 1, 4]",52,30,8,8,39,2,18
355,,6,17,pauli_polynomial_dynamic_ordering,"[3, 5, 0, 4, 2, 1]",60,30,11,13,42,1,16
406,,6,17,pauli_polynomial_dynamic_ordering,"[4, 1, 5, 0, 3, 2]",48,30,8,7,37,2,19
420,,6,17,pauli_polynomial_dynamic_ordering,"[3, 4, 1, 0, 2, 5]",55,30,9,8,41,2,17
425,,6,17,pauli_polynomial_dynamic_ordering,"[5, 4, 1, 0, 2, 3]",61,30,9,12,43,2,16
432,,6,17,pauli_polynomial_dynamic_ordering,"[2, 3, 4, 0, 1, 5]",60,30,8,11,39,1,18
437,,6,17,pauli_polynomial_dynamic_ordering,"[2, 5, 4, 0, 1, 3]",54,30,7,6,38,2,20
498,,6,17,pauli_polynomial_dynamic_ordering,"[1, 3, 4, 5, 0, 2]",50,30,8,10,42,2,16
499,,6,17,pauli_polynomial_dynamic_ordering,"[1, 3, 5, 4, 0, 2]",46,30,10,13,42,1,16
508,,6,17,pauli_polynomial_dynamic_ordering,"[2, 1, 4, 5, 0, 3]",56,30,8,10,42,2,18
529,,6,17,pauli_polynomial_dynamic_ordering,"[2, 3, 1, 5, 0, 4]",44,30,7,6,35,2,20
530,,6,17,pauli_polynomial_dynamic_ordering,"[2, 4, 1, 3, 0, 5]",50,30,9,12,43,3,16
532,,6,17,pauli_polynomial_dynamic_ordering,"[2, 4, 1, 5, 0, 3]",58,30,9,10,44,2,17
546,,6,17,pauli_polynomial_dynamic_ordering,"[3, 4, 1, 5, 0, 2]",58,30,8,7,42,2,18
547,,6,17,pauli_polynomial_dynamic_ordering,"[3, 5, 1, 4, 0, 2]",52,30,9,11,42,1,18
554,,6,17,pauli_polynomial_dynamic_ordering,"[2, 4, 3, 1, 0, 5]",61,30,9,12,43,3,16
573,,6,17,pauli_polynomial_dynamic_ordering,"[5, 3, 4, 1, 0, 2]",52,30,9,14,43,2,16
576,,6,17,pauli_polynomial_dynamic_ordering,"[2, 3, 4, 5, 0, 1]",57,30,8,10,38,2,18
642,,6,17,pauli_polynomial_dynamic_ordering,"[3, 1, 4, 5, 2, 0]",53,30,10,12,42,2,16
649,,6,17,pauli_polynomial_dynamic_ordering,"[2, 3, 1, 5, 4, 0]",56,30,9,9,40,1,17
16,,6,17,pauli_polynomial_dynamic_ordering,"[0, 1, 4, 5, 2, 3]",59,31,8,10,38,2,18
38,,6,17,pauli_polynomial_dynamic_ordering,"[0, 4, 1, 3, 2, 5]",59,31,9,13,35,2,18
70,,6,17,pauli_polynomial_dynamic_ordering,"[0, 4, 5, 1, 3, 2]",53,31,9,9,40,1,17
77,,6,17,pauli_polynomial_dynamic_ordering,"[0, 2, 5, 4, 1, 3]",63,31,10,12,42,2,16
136,,6,17,pauli_polynomial_dynamic_ordering,"[1, 0, 4, 5, 2, 3]",57,31,8,9,36,1,19
166,,6,17,pauli_polynomial_dynamic_ordering,"[4, 0, 1, 5, 3, 2]",60,31,7,5,37,1,19
179,,6,17,pauli_polynomial_dynamic_ordering,"[5, 0, 2, 1, 4, 3]",61,31,10,10,43,2,16
227,,6,17,pauli_polynomial_dynamic_ordering,"[5, 0, 2, 4, 3, 1]",64,31,10,13,45,2,13
229,,6,17,pauli_polynomial_dynamic_ordering,"[3, 0, 5, 2, 4, 1]",66,31,10,13,40,2,17
235,,6,17,pauli_polynomial_dynamic_ordering,"[3, 0, 5, 4, 2, 1]",57,31,11,14,46,1,14
295,,6,17,pauli_polynomial_dynamic_ordering,"[3, 2, 0, 1, 5, 4]",55,31,10,10,43,1,16
300,,6,17,pauli_polynomial_dynamic_ordering,"[3, 4, 0, 1, 2, 5]",53,31,9,10,39,1,18
312,,6,17,pauli_polynomial_dynamic_ordering,"[2, 3, 0, 4, 1, 5]",54,31,8,12,39,1,18
326,,6,17,pauli_polynomial_dynamic_ordering,"[4, 3, 0, 2, 1, 5]",56,31,10,15,46,0,13
342,,6,17,pauli_polynomial_dynamic_ordering,"[3, 2, 0, 4, 5, 1]",60,31,11,13,42,0,16
353,,6,17,pauli_polynomial_dynamic_ordering,"[5, 4, 0, 2, 3, 1]",58,31,11,15,41,1,15
364,,6,17,pauli_polynomial_dynamic_ordering,"[1, 2, 4, 0, 5, 3]",61,31,11,13,42,1,16
366,,6,17,pauli_polynomial_dynamic_ordering,"[1, 3, 2, 0, 4, 5]",59,31,11,15,41,1,15
376,,6,17,pauli_polynomial_dynamic_ordering,"[1, 4, 5, 0, 2, 3]",65,31,8,10,40,2,17
386,,6,17,pauli_polynomial_dynamic_ordering,"[2, 1, 4, 0, 3, 5]",61,31,9,12,41,1,17
393,,6,17,pauli_polynomial_dynamic_ordering,"[5, 1, 2, 0, 3, 4]",56,31,10,15,46,0,13
424,,6,17,pauli_polynomial_dynamic_ordering,"[4, 5, 1, 0, 2, 3]",54,31,10,10,43,1,16
446,,6,17,pauli_polynomial_dynamic_ordering,"[4, 3, 2, 0, 1, 5]",60,31,11,15,42,1,15
465,,6,17,pauli_polynomial_dynamic_ordering,"[5, 2, 3, 0, 4, 1]",58,31,9,11,35,1,18
476,,6,17,pauli_polynomial_dynamic_ordering,"[4, 3, 5, 0, 2, 1]",56,31,10,14,41,1,15
484,,6,17,pauli_polynomial_dynamic_ordering,"[1, 2, 4, 5, 0, 3]",57,31,11,14,46,1,14
487,,6,17,pauli_polynomial_dynamic_ordering,"[1, 3, 2, 5, 0, 4]",58,31,7,12,31,2,20
490,,6,17,pauli_polynomial_dynamic_ordering,"[1, 4, 2, 5, 0, 3]",57,31,10,13,40,2,17
492,,6,17,pauli_polynomial_dynamic_ordering,"[1, 3, 4, 2, 0, 5]",64,31,10,13,45,2,13
521,,6,17,pauli_polynomial_dynamic_ordering,"[5, 1, 4, 2, 0, 3]",57,31,12,17,49,1,13
540,,6,17,pauli_polynomial_dynamic_ordering,"[3, 4, 1, 2, 0, 5]",61,31,10,10,43,2,16
553,,6,17,pauli_polynomial_dynamic_ordering,"[2, 3, 5, 1, 0, 4]",61,31,7,5,37,1,19
681,,6,17,pauli_polynomial_dynamic_ordering,"[5, 2, 3, 1, 4, 0]",55,31,9,13,35,2,18
697,,6,17,pauli_polynomial_dynamic_ordering,"[2, 3, 5, 4, 1, 0]",57,31,7,9,40,2,17
702,,6,17,pauli_polynomial_dynamic_ordering,"[3, 2, 4, 5, 1, 0]",57,31,11,12,46,1,14
703,,6,17,pauli_polynomial_dynamic_ordering,"[3, 2, 5, 4, 1, 0]",55,31,8,10,38,2,18
10,,6,17,pauli_polynomial_dynamic_ordering,"[0, 1, 4, 2, 5, 3]",57,32,9,13,42,2,16
21,,6,17,pauli_polynomial_dynamic_ordering,"[0, 1, 5, 3, 4, 2]",66,32,11,14,46,1,14
22,,6,17,pauli_polynomial_dynamic_ordering,"[0, 1, 4, 5, 3, 2]",60,32,7,9,40,2,17
33,,6,17,pauli_polynomial_dynamic_ordering,"[0, 5, 1, 2, 3, 4]",57,32,10,14,39,1,16
41,,6,17,pauli_polynomial_dynamic_ordering,"[0, 5, 1, 4, 2, 3]",59,32,10,11,42,2,16
43,,6,17,pauli_polynomial_dynamic_ordering,"[0, 3, 1, 5, 4, 2]",63,32,11,14,48,1,13
45,,6,17,pauli_polynomial_dynamic_ordering,"[0, 5, 1, 3, 4, 2]",65,32,10,13,44,2,15
69,,6,17,pauli_polynomial_dynamic_ordering,"[0, 5, 3, 1, 4, 2]",54,32,9,13,42,3,16
101,,6,17,pauli_polynomial_dynamic_ordering,"[0, 2, 5, 4, 3, 1]",53,32,11,15,42,1,14
152,,6,17,pauli_polynomial_dynamic_ordering,"[4, 0, 1, 2, 3, 5]",57,32,9,12,38,1,17
158,,6,17,pauli_polynomial_dynamic_ordering,"[4, 0, 1, 3, 2, 5]",61,32,8,10,34,2,19
167,,6,17,pauli_polynomial_dynamic_ordering,"[5, 0, 1, 4, 3, 2]",60,32,7,9,37,3,19
203,,6,17,pauli_polynomial_dynamic_ordering,"[5, 0, 2, 4, 1, 3]",62,32,9,10,45,3,15
209,,6,17,pauli_polynomial_dynamic_ordering,"[5, 0, 4, 2, 1, 3]",60,32,10,11,43,2,16
219,,6,17,pauli_polynomial_dynamic_ordering,"[2, 0, 5, 3, 4, 1]",53,32,9,10,40,2,17
228,,6,17,pauli_polynomial_dynamic_ordering,"[3, 0, 4, 2, 5, 1]",60,32,11,16,42,0,16
233,,6,17,pauli_polynomial_dynamic_ordering,"[5, 0, 4, 2, 3, 1]",58,32,10,14,39,2,16
242,,6,17,pauli_polynomial_dynamic_ordering,"[1, 2, 0, 4, 3, 5]",56,32,12,17,43,0,14
254,,6,17,pauli_polynomial_dynamic_ordering,"[1, 4, 0, 3, 2, 5]",56,32,9,11,35,1,18
270,,6,17,pauli_polynomial_dynamic_ordering,"[3, 1, 0, 2, 4, 5]",53,32,11,13,49,2,13
286,,6,17,pauli_polynomial_dynamic_ordering,"[4, 1, 0, 5, 3, 2]",55,32,5,4,35,3,20
323,,6,17,pauli_polynomial_dynamic_ordering,"[5, 2, 0, 4, 1, 3]",62,32,9,8,39,2,18
333,,6,17,pauli_polynomial_dynamic_ordering,"[5, 3, 0, 4, 1, 2]",68,32,9,12,41,1,17
343,,6,17,pauli_polynomial_dynamic_ordering,"[3, 2, 0, 5, 4, 1]",56,32,8,10,40,2,17
349,,6,17,pauli_polynomial_dynamic_ordering,"[3, 5, 0, 2, 4, 1]",65,32,10,12,44,2,15
367,,6,17,pauli_polynomial_dynamic_ordering,"[1, 3, 2, 0, 5, 4]",59,32,8,13,39,2,16
370,,6,17,pauli_polynomial_dynamic_ordering,"[1, 4, 2, 0, 5, 3]",56,32,10,12,44,2,15
394,,6,17,pauli_polynomial_dynamic_ordering,"[4, 1, 2, 0, 5, 3]",53,32,9,10,41,2,17
400,,6,17,pauli_polynomial_dynamic_ordering,"[4, 1, 5, 0, 2, 3]",49,32,8,8,39,2,18
407,,6,17,pauli_polynomial_dynamic_ordering,"[5, 1, 4, 0, 3, 2]",63,32,8,12,39,1,18
426,,6,17,pauli_polynomial_dynamic_ordering,"[3, 4, 1, 0, 5, 2]",59,32,6,4,36,3,21
430,,6,17,pauli_polynomial_dynamic_ordering,"[4, 5, 1, 0, 3, 2]",56,32,9,9,41,1,17
444,,6,17,pauli_polynomial_dynamic_ordering,"[3, 4, 2, 0, 1, 5]",59,32,12,14,49,1,13
447,,6,17,pauli_polynomial_dynamic_ordering,"[5, 3, 2, 0, 1, 4]",68,32,8,11,40,2,16
477,,6,17,pauli_polynomial_dynamic_ordering,"[5, 3, 4, 0, 2, 1]",59,32,12,17,43,0,14
486,,6,17,pauli_polynomial_dynamic_ordering,"[1, 3, 2, 4, 0, 5]",64,32,10,14,39,2,16
491,,6,17,pauli_polynomial_dynamic_ordering,"[1, 5, 2, 4, 0, 3]",55,32,11,16,42,0,16
496,,6,17,pauli_polynomial_dynamic_ordering,"[1, 4, 5, 2, 0, 3]",66,32,11,14,42,1,16
510,,6,17,pauli_polynomial_dynamic_ordering,"[3, 1, 2, 4, 0, 5]",59,32,10,11,43,2,16
528,,6,17,pauli_polynomial_dynamic_ordering,"[2, 3, 1, 4, 0, 5]",55,32,6,8,35,3,20
534,,6,17,pauli_polynomial_dynamic_ordering,"[3, 2, 1, 4, 0, 5]",62,32,8,9,37,2,19
579,,6,17,pauli_polynomial_dynamic_ordering,"[2, 5, 3, 4, 0, 1]",62,32,8,9,36,1,19
581,,6,17,pauli_polynomial_dynamic_ordering,"[2, 5, 4, 3, 0, 1]",56,32,10,11,40,1,17
607,,6,17,pauli_polynomial_dynamic_ordering,"[1, 3, 2, 5, 4, 0]",52,32,10,15,36,1,17
637,,6,17,pauli_polynomial_dynamic_ordering,"[3, 1, 5, 2, 4, 0]",61,32,11,14,42,1,16
638,,6,17,pauli_polynomial_dynamic_ordering,"[4, 1, 3, 2, 5, 0]",61,32,7,12,33,3,19
673,,6,17,pauli_polynomial_dynamic_ordering,"[2, 3, 5, 1, 4, 0]",59,32,8,8,38,1,18
676,,6,17,pauli_polynomial_dynamic_ordering,"[2, 4, 5, 1, 3, 0]",60,32,11,14,48,1,13
678,,6,17,pauli_polynomial_dynamic_ordering,"[3, 2, 4, 1, 5, 0]",59,32,10,11,42,2,16
686,,6,17,pauli_polynomial_dynamic_ordering,"[4, 3, 2, 1, 5, 0]",56,32,10,14,39,1,16
698,,6,17,pauli_polynomial_dynamic_ordering,"[2, 4, 3, 5, 1, 0]",60,32,11,14,46,1,14
715,,6,17,pauli_polynomial_dynamic_ordering,"[3, 5, 4, 2, 1, 0]",58,32,12,16,48,1,13
2,,6,17,pauli_polynomial_dynamic_ordering,"[0, 1, 2, 4, 3, 5]",63,33,12,19,47,1,12
11,,6,17,pauli_polynomial_dynamic_ordering,"[0, 1, 5, 2, 4, 3]",63,33,11,14,44,1,15
17,,6,17,pauli_polynomial_dynamic_ordering,"[0, 1, 5, 4, 2, 3]",58,33,11,12,46,1,14
20,,6,17,pauli_polynomial_dynamic_ordering,"[0, 1, 4, 3, 5, 2]",66,33,8,10,38,2,18
23,,6,17,pauli_polynomial_dynamic_ordering,"[0, 1, 5, 4, 3, 2]",64,33,10,11,42,1,16
27,,6,17,pauli_polynomial_dynamic_ordering,"[0, 2, 1, 5, 3, 4]",57,33,11,16,45,0,13
34,,6,17,pauli_polynomial_dynamic_ordering,"[0, 4, 1, 2, 5, 3]",56,33,9,12,38,1,18
62,,6,17,pauli_polynomial_dynamic_ordering,"[0, 4, 3, 1, 2, 5]",50,33,10,15,39,1,16
65,,6,17,pauli_polynomial_dynamic_ordering,"[0, 5, 4, 1, 2, 3]",59,33,9,10,40,2,17
79,,6,17,pauli_polynomial_dynamic_ordering,"[0, 3, 2, 5, 1, 4]",57,33,9,16,37,1,17
80,,6,17,pauli_polynomial_dynamic_ordering,"[0, 4, 2, 3, 1, 5]",65,33,12,20,43,1,14
81,,6,17,pauli_polynomial_dynamic_ordering,"[0, 5, 2, 3, 1, 4]",55,33,7,12,33,3,19
88,,6,17,pauli_polynomial_dynamic_ordering,"[0, 4, 5, 2, 1, 3]",61,33,10,12,40,1,17
98,,6,17,pauli_polynomial_dynamic_ordering,"[0, 2, 4, 3, 5, 1]",54,33,13,21,48,0,11
112,,6,17,pauli_polynomial_dynamic_ordering,"[0, 4, 5, 2, 3, 1]",62,33,10,15,36,1,17
138,,6,17,pauli_polynomial_dynamic_ordering,"[1, 0, 3, 4, 5, 2]",56,33,10,11,40,1,17
140,,6,17,pauli_polynomial_dynamic_ordering,"[1, 0, 4, 3, 5, 2]",67,33,8,9,36,1,19
151,,6,17,pauli_polynomial_dynamic_ordering,"[3, 0, 1, 2, 5, 4]",62,33,10,13,41,1,17
159,,6,17,pauli_polynomial_dynamic_ordering,"[5, 0, 1, 3, 2, 4]",57,33,9,14,40,3,16
168,,6,17,pauli_polynomial_dynamic_ordering,"[2, 0, 3, 1, 4, 5]",60,33,10,15,45,2,15
171,,6,17,pauli_polynomial_dynamic_ordering,"[2, 0, 5, 1, 3, 4]",53,33,8,8,41,2,17
177,,6,17,pauli_polynomial_dynamic_ordering,"[5, 0, 2, 1, 3, 4]",65,33,9,11,42,2,15
184,,6,17,pauli_polynomial_dynamic_ordering,"[4, 0, 5, 1, 2, 3]",57,33,8,7,37,1,19
185,,6,17,pauli_polynomial_dynamic_ordering,"[5, 0, 4, 1, 2, 3]",58,33,8,9,37,2,19
191,,6,17,pauli_polynomial_dynamic_ordering,"[5, 0, 4, 1, 3, 2]",58,33,6,8,35,3,20
193,,6,17,pauli_polynomial_dynamic_ordering,"[2, 0, 3, 5, 1, 4]",56,33,10,11,43,1,16
206,,6,17,pauli_polynomial_dynamic_ordering,"[4, 0, 3, 2, 1, 5]",64,33,10,16,40,0,16
208,,6,17,pauli_polynomial_dynamic_ordering,"[4, 0, 5, 2, 1, 3]",63,33,7,9,35,2,20
232,,6,17,pauli_polynomial_dynamic_ordering,"[4, 0, 5, 2, 3, 1]",63,33,7,12,31,2,20
240,,6,17,pauli_polynomial_dynamic_ordering,"[1, 2, 0, 3, 4, 5]",57,33,12,18,47,0,12
246,,6,17,pauli_polynomial_dynamic_ordering,"[1, 3, 0, 2, 4, 5]",66,33,12,16,49,1,11
247,,6,17,pauli_polynomial_dynamic_ordering,"[1, 3, 0, 2, 5, 4]",62,33,10,14,41,1,15
263,,6,17,pauli_polynomial_dynamic_ordering,"[1, 5, 0, 4, 3, 2]",64,33,8,11,36,1,19
264,,6,17,pauli_polynomial_dynamic_ordering,"[2, 1, 0, 3, 4, 5]",58,33,10,14,45,1,15
272,,6,17,pauli_polynomial_dynamic_ordering,"[4, 1, 0, 2, 3, 5]",62,33,8,11,40,2,16
281,,6,17,pauli_polynomial_dynamic_ordering,"[5, 1, 0, 4, 2, 3]",59,33,10,12,43,1,16
283,,6,17,pauli_polynomial_dynamic_ordering,"[3, 1, 0, 5, 4, 2]",60,33,7,8,44,3,17
304,,6,17,pauli_polynomial_dynamic_ordering,"[4, 5, 0, 1, 2, 3]",52,33,8,8,39,2,18
309,,6,17,pauli_polynomial_dynamic_ordering,"[5, 3, 0, 1, 4, 2]",51,33,9,12,45,2,15
330,,6,17,pauli_polynomial_dynamic_ordering,"[3, 4, 0, 5, 1, 2]",57,33,7,8,40,1,19
377,,6,17,pauli_polynomial_dynamic_ordering,"[1, 5, 4, 0, 2, 3]",61,33,11,13,42,0,16
389,,6,17,pauli_polynomial_dynamic_ordering,"[2, 1, 5, 0, 4, 3]",56,33,7,8,40,1,19
396,,6,17,pauli_polynomial_dynamic_ordering,"[3, 1, 4, 0, 2, 5]",58,33,9,8,39,2,18
401,,6,17,pauli_polynomial_dynamic_ordering,"[5, 1, 4, 0, 2, 3]",70,33,10,13,41,1,17
404,,6,17,pauli_polynomial_dynamic_ordering,"[4, 1, 3, 0, 5, 2]",65,33,7,5,35,3,20
410,,6,17,pauli_polynomial_dynamic_ordering,"[2, 4, 1, 0, 3, 5]",56,33,9,12,45,2,15
419,,6,17,pauli_polynomial_dynamic_ordering,"[5, 2, 1, 0, 4, 3]",62,33,9,10,39,1,18
433,,6,17,pauli_polynomial_dynamic_ordering,"[2, 3, 5, 0, 1, 4]",59,33,5,4,35,3,20
434,,6,17,pauli_polynomial_dynamic_ordering,"[2, 4, 3, 0, 1, 5]",60,33,10,14,47,1,14
439,,6,17,pauli_polynomial_dynamic_ordering,"[3, 2, 5, 0, 1, 4]",63,33,5,5,33,3,21
442,,6,17,pauli_polynomial_dynamic_ordering,"[4, 2, 5, 0, 1, 3]",56,33,8,10,39,3,18
456,,6,17,pauli_polynomial_dynamic_ordering,"[2, 3, 4, 0, 5, 1]",61,33,8,11,36,1,19
468,,6,17,pauli_polynomial_dynamic_ordering,"[3, 4, 2, 0, 5, 1]",56,33,11,14,46,1,14
472,,6,17,pauli_polynomial_dynamic_ordering,"[4, 5, 2, 0, 3, 1]",62,33,10,14,41,1,15
473,,6,17,pauli_polynomial_dynamic_ordering,"[5, 4, 2, 0, 3, 1]",62,33,12,16,49,1,11
479,,6,17,pauli_polynomial_dynamic_ordering,"[5, 4, 3, 0, 2, 1]",60,33,12,18,47,0,12
516,,6,17,pauli_polynomial_dynamic_ordering,"[3, 1, 4, 2, 0, 5]",64,33,9,10,45,3,15
524,,6,17,pauli_polynomial_dynamic_ordering,"[4, 1, 3, 5, 0, 2]",56,33,7,8,39,3,18
526,,6,17,pauli_polynomial_dynamic_ordering,"[4, 1, 5, 3, 0, 2]",63,33,10,11,43,1,16
542,,6,17,pauli_polynomial_dynamic_ordering,"[4, 3, 1, 2, 0, 5]",63,33,9,11,42,2,15
548,,6,17,pauli_polynomial_dynamic_ordering,"[4, 3, 1, 5, 0, 2]",68,33,8,8,41,2,17
551,,6,17,pauli_polynomial_dynamic_ordering,"[5, 4, 1, 3, 0, 2]",53,33,10,15,45,2,15
558,,6,17,pauli_polynomial_dynamic_ordering,"[3, 2, 4, 1, 0, 5]",59,33,8,10,41,3,17
561,,6,17,pauli_polynomial_dynamic_ordering,"[5, 2, 3, 1, 0, 4]",53,33,8,10,34,2,19
567,,6,17,pauli_polynomial_dynamic_ordering,"[5, 3, 2, 1, 0, 4]",68,33,9,12,38,1,17
570,,6,17,pauli_polynomial_dynamic_ordering,"[3, 4, 5, 1, 0, 2]",50,33,10,10,46,1,16
582,,6,17,pauli_polynomial_dynamic_ordering,"[3, 2, 4, 5, 0, 1]",60,33,9,11,42,2,16
618,,6,17,pauli_polynomial_dynamic_ordering,"[1, 3, 4, 5, 2, 0]",60,33,11,15,42,1,14
620,,6,17,pauli_polynomial_dynamic_ordering,"[1, 4, 3, 5, 2, 0]",59,33,10,15,40,1,15
621,,6,17,pauli_polynomial_dynamic_ordering,"[1, 5, 3, 4, 2, 0]",56,33,13,21,48,0,11
631,,6,17,pauli_polynomial_dynamic_ordering,"[3, 1, 2, 5, 4, 0]",57,33,10,12,40,1,17
640,,6,17,pauli_polynomial_dynamic_ordering,"[4, 1, 5, 2, 3, 0]",56,33,9,16,37,1,17
651,,6,17,pauli_polynomial_dynamic_ordering,"[2, 5, 1, 3, 4, 0]",52,33,9,11,38,1,18
654,,6,17,pauli_polynomial_dynamic_ordering,"[3, 2, 1, 4, 5, 0]",61,33,9,10,40,2,17
657,,6,17,pauli_polynomial_dynamic_ordering,"[5, 2, 1, 3, 4, 0]",56,33,10,15,39,1,16
677,,6,17,pauli_polynomial_dynamic_ordering,"[2, 5, 4, 1, 3, 0]",56,33,10,12,40,2,17
679,,6,17,pauli_polynomial_dynamic_ordering,"[3, 2, 5, 1, 4, 0]",62,33,8,9,36,1,19
692,,6,17,pauli_polynomial_dynamic_ordering,"[4, 3, 5, 1, 2, 0]",62,33,11,16,45,0,13
696,,6,17,pauli_polynomial_dynamic_ordering,"[2, 3, 4, 5, 1, 0]",65,33,10,11,42,1,16
699,,6,17,pauli_polynomial_dynamic_ordering,"[2, 5, 3, 4, 1, 0]",64,33,8,10,38,2,18
705,,6,17,pauli_polynomial_dynamic_ordering,"[5, 2, 3, 4, 1, 0]",56,33,9,14,37,2,17
709,,6,17,pauli_polynomial_dynamic_ordering,"[3, 5, 2, 4, 1, 0]",61,33,9,13,42,2,16
14,,6,17,pauli_polynomial_dynamic_ordering,"[0, 1, 4, 3, 2, 5]",57,34,9,14,37,2,17
15,,6,17,pauli_polynomial_dynamic_ordering,"[0, 1, 5, 3, 2, 4]",52,34,10,16,43,1,14
25,,6,17,pauli_polynomial_dynamic_ordering,"[0, 2, 1, 3, 5, 4]",65,34,11,18,45,1,13
32,,6,17,pauli_polynomial_dynamic_ordering,"[0, 4, 1, 2, 3, 5]",63,34,10,15,39,1,16
37,,6,17,pauli_polynomial_dynamic_ordering,"[0, 3, 1, 5, 2, 4]",58,34,10,16,43,1,14
42,,6,17,pauli_polynomial_dynamic_ordering,"[0, 3, 1, 4, 5, 2]",63,34,10,12,40,2,17
46,,6,17,pauli_polynomial_dynamic_ordering,"[0, 4, 1, 5, 3, 2]",62,34,8,8,38,1,18
68,,6,17,pauli_polynomial_dynamic_ordering,"[0, 4, 3, 1, 5, 2]",67,34,9,11,38,1,18
82,,6,17,pauli_polynomial_dynamic_ordering,"[0, 4, 2, 5, 1, 3]",65,34,11,14,42,1,16
89,,6,17,pauli_polynomial_dynamic_ordering,"[0, 5, 4, 2, 1, 3]",51,34,10,12,46,2,14
99,,6,17,pauli_polynomial_dynamic_ordering,"[0, 2, 5, 3, 4, 1]",61,34,10,15,40,1,15
107,,6,17,pauli_polynomial_dynamic_ordering,"[0, 5, 2, 4, 3, 1]",60,34,10,14,40,2,15
109,,6,17,pauli_polynomial_dynamic_ordering,"[0, 3, 5, 2, 4, 1]",59,34,11,17,42,1,14
141,,6,17,pauli_polynomial_dynamic_ordering,"[1, 0, 5, 3, 4, 2]",64,34,10,13,42,2,16
149,,6,17,pauli_polynomial_dynamic_ordering,"[2, 0, 1, 5, 4, 3]",51,34,10,10,46,1,16
154,,6,17,pauli_polynomial_dynamic_ordering,"[4, 0, 1, 2, 5, 3]",63,34,8,9,37,1,19
155,,6,17,pauli_polynomial_dynamic_ordering,"[5, 0, 1, 2, 4, 3]",63,34,11,12,45,2,15
160,,6,17,pauli_polynomial_dynamic_ordering,"[4, 0, 1, 5, 2, 3]",60,34,7,6,35,1,20
161,,6,17,pauli_polynomial_dynamic_ordering,"[5, 0, 1, 4, 2, 3]",54,34,8,10,41,3,17
162,,6,17,pauli_polynomial_dynamic_ordering,"[3, 0, 1, 4, 5, 2]",64,34,8,8,40,2,19
163,,6,17,pauli_polynomial_dynamic_ordering,"[3, 0, 1, 5, 4, 2]",63,34,10,10,48,1,15
195,,6,17,pauli_polynomial_dynamic_ordering,"[2, 0, 5, 3, 1, 4]",57,34,7,8,39,3,18
207,,6,17,pauli_polynomial_dynamic_ordering,"[5, 0, 3, 2, 1, 4]",54,34,10,13,38,2,17
210,,6,17,pauli_polynomial_dynamic_ordering,"[3, 0, 4, 5, 1, 2]",62,34,8,10,44,0,17
215,,6,17,pauli_polynomial_dynamic_ordering,"[5, 0, 4, 3, 1, 2]",59,34,8,11,39,2,18
223,,6,17,pauli_polynomial_dynamic_ordering,"[3, 0, 2, 5, 4, 1]",61,34,11,14,42,1,16
251,,6,17,pauli_polynomial_dynamic_ordering,"[1, 5, 0, 2, 4, 3]",61,34,11,14,46,1,14
253,,6,17,pauli_polynomial_dynamic_ordering,"[1, 3, 0, 5, 2, 4]",58,34,9,13,39,2,16
257,,6,17,pauli_polynomial_dynamic_ordering,"[1, 5, 0, 4, 2, 3]",65,34,10,12,40,1,17
265,,6,17,pauli_polynomial_dynamic_ordering,"[2, 1, 0, 3, 5, 4]",53,34,10,12,43,1,16
267,,6,17,pauli_polynomial_dynamic_ordering,"[2, 1, 0, 5, 3, 4]",65,34,9,10,39,2,18
269,,6,17,pauli_polynomial_dynamic_ordering,"[2, 1, 0, 5, 4, 3]",63,34,8,9,42,2,18
275,,6,17,pauli_polynomial_dynamic_ordering,"[5, 1, 0, 2, 4, 3]",58,34,12,14,49,1,13
276,,6,17,pauli_polynomial_dynamic_ordering,"[3, 1, 0, 4, 2, 5]",67,34,10,10,41,2,17
277,,6,17,pauli_polynomial_dynamic_ordering,"[3, 1, 0, 5, 2, 4]",53,34,8,10,39,3,18
280,,6,17,pauli_polynomial_dynamic_ordering,"[4, 1, 0, 5, 2, 3]",52,34,5,5,33,3,21
284,,6,17,pauli_polynomial_dynamic_ordering,"[4, 1, 0, 3, 5, 2]",65,34,7,5,37,2,19
285,,6,17,pauli_polynomial_dynamic_ordering,"[5, 1, 0, 3, 4, 2]",51,34,10,14,47,1,14
289,,6,17,pauli_polynomial_dynamic_ordering,"[2, 3, 0, 1, 5, 4]",60,34,9,9,41,1,17
293,,6,17,pauli_polynomial_dynamic_ordering,"[2, 5, 0, 1, 4, 3]",55,34,6,4,36,3,21
297,,6,17,pauli_polynomial_dynamic_ordering,"[5, 2, 0, 1, 3, 4]",57,34,9,9,40,2,16
305,,6,17,pauli_polynomial_dynamic_ordering,"[5, 4, 0, 1, 2, 3]",64,34,9,10,41,1,17
310,,6,17,pauli_polynomial_dynamic_ordering,"[4, 5, 0, 1, 3, 2]",59,34,6,7,37,3,19
318,,6,17,pauli_polynomial_dynamic_ordering,"[3, 2, 0, 4, 1, 5]",65,34,10,13,41,1,17
325,,6,17,pauli_polynomial_dynamic_ordering,"[3, 5, 0, 2, 1, 4]",57,34,9,10,41,2,17
348,,6,17,pauli_polynomial_dynamic_ordering,"[3, 4, 0, 2, 5, 1]",55,34,10,14,40,0,17
352,,6,17,pauli_polynomial_dynamic_ordering,"[4, 5, 0, 2, 3, 1]",64,34,8,13,39,2,16
384,,6,17,pauli_polynomial_dynamic_ordering,"[2, 1, 3, 0, 4, 5]",65,34,9,12,43,1,16
390,,6,17,pauli_polynomial_dynamic_ordering,"[3, 1, 2, 0, 4, 5]",67,34,11,12,45,1,15
415,,6,17,pauli_polynomial_dynamic_ordering,"[3, 2, 1, 0, 5, 4]",58,34,8,8,39,2,18
422,,6,17,pauli_polynomial_dynamic_ordering,"[4, 3, 1, 0, 2, 5]",64,34,9,9,40,2,16
435,,6,17,pauli_polynomial_dynamic_ordering,"[2, 5, 3, 0, 1, 4]",59,34,7,5,37,2,19
436,,6,17,pauli_polynomial_dynamic_ordering,"[2, 4, 5, 0, 1, 3]",54,34,7,8,44,3,17
445,,6,17,pauli_polynomial_dynamic_ordering,"[3, 5, 2, 0, 1, 4]",59,34,7,8,39,2,18
450,,6,17,pauli_polynomial_dynamic_ordering,"[3, 4, 5, 0, 1, 2]",64,34,8,9,42,2,18
452,,6,17,pauli_polynomial_dynamic_ordering,"[4, 3, 5, 0, 1, 2]",65,34,9,10,39,2,18
453,,6,17,pauli_polynomial_dynamic_ordering,"[5, 3, 4, 0, 1, 2]",57,34,9,13,41,1,17
454,,6,17,pauli_polynomial_dynamic_ordering,"[4, 5, 3, 0, 1, 2]",50,34,10,12,43,1,16
461,,6,17,pauli_polynomial_dynamic_ordering,"[2, 5, 4, 0, 3, 1]",57,34,9,9,38,1,18
462,,6,17,pauli_polynomial_dynamic_ordering,"[3, 2, 4, 0, 5, 1]",59,34,10,12,40,1,17
504,,6,17,pauli_polynomial_dynamic_ordering,"[2, 1, 3, 4, 0, 5]",67,34,8,11,39,2,18
511,,6,17,pauli_polynomial_dynamic_ordering,"[3, 1, 2, 5, 0, 4]",55,34,7,9,35,2,20
513,,6,17,pauli_polynomial_dynamic_ordering,"[5, 1, 2, 3, 0, 4]",57,34,10,16,40,0,16
535,,6,17,pauli_polynomial_dynamic_ordering,"[3, 2, 1, 5, 0, 4]",57,34,8,7,37,1,19
552,,6,17,pauli_polynomial_dynamic_ordering,"[2, 3, 4, 1, 0, 5]",58,34,7,9,37,3,19
557,,6,17,pauli_polynomial_dynamic_ordering,"[2, 5, 4, 1, 0, 3]",58,34,8,8,40,2,19
559,,6,17,pauli_polynomial_dynamic_ordering,"[3, 2, 5, 1, 0, 4]",53,34,7,6,35,1,20
560,,6,17,pauli_polynomial_dynamic_ordering,"[4, 2, 3, 1, 0, 5]",60,34,9,14,40,3,16
564,,6,17,pauli_polynomial_dynamic_ordering,"[3, 4, 2, 1, 0, 5]",68,34,11,12,45,2,15
565,,6,17,pauli_polynomial_dynamic_ordering,"[3, 5, 2, 1, 0, 4]",65,34,8,9,37,1,19
583,,6,17,pauli_polynomial_dynamic_ordering,"[3, 2, 5, 4, 0, 1]",69,34,8,9,36,1,19
586,,6,17,pauli_polynomial_dynamic_ordering,"[4, 2, 5, 3, 0, 1]",59,34,10,15,41,1,15
603,,6,17,pauli_polynomial_dynamic_ordering,"[1, 2, 5, 3, 4, 0]",58,34,10,17,38,0,16
610,,6,17,pauli_polynomial_dynamic_ordering,"[1, 4, 2, 5, 3, 0]",62,34,11,17,42,1,14
612,,6,17,pauli_polynomial_dynamic_ordering,"[1, 3, 4, 2, 5, 0]",58,34,10,14,40,2,15
630,,6,17,pauli_polynomial_dynamic_ordering,"[3, 1, 2, 4, 5, 0]",52,34,10,12,46,2,14
648,,6,17,pauli_polynomial_dynamic_ordering,"[2, 3, 1, 4, 5, 0]",56,34,7,9,38,3,18
687,,6,17,pauli_polynomial_dynamic_ordering,"[5, 3, 2, 1, 4, 0]",64,34,10,15,39,1,16
694,,6,17,pauli_polynomial_dynamic_ordering,"[4, 5, 3, 1, 2, 0]",65,34,11,18,45,1,13
701,,6,17,pauli_polynomial_dynamic_ordering,"[2, 5, 4, 3, 1, 0]",67,34,10,12,40,2,17
18,,6,17,pauli_polynomial_dynamic_ordering,"[0, 1, 3, 4, 5, 2]",63,35,10,12,40,2,17
54,,6,17,pauli_polynomial_dynamic_ordering,"[0, 3, 2, 1, 4, 5]",67,35,12,20,43,1,14
59,,6,17,pauli_polynomial_dynamic_ordering,"[0, 5, 2, 1, 4, 3]",68,35,9,11,38,2,18
60,,6,17,pauli_polynomial_dynamic_ordering,"[0, 3, 4, 1, 2, 5]",62,35,10,16,41,1,15
66,,6,17,pauli_polynomial_dynamic_ordering,"[0, 3, 4, 1, 5, 2]",62,35,9,12,40,1,17
73,,6,17,pauli_polynomial_dynamic_ordering,"[0, 2, 3, 5, 1, 4]",58,35,10,16,41,1,15
83,,6,17,pauli_polynomial_dynamic_ordering,"[0, 5, 2, 4, 1, 3]",57,35,9,11,40,3,17
116,,6,17,pauli_polynomial_dynamic_ordering,"[0, 4, 3, 5, 2, 1]",69,35,10,17,38,0,16
119,,6,17,pauli_polynomial_dynamic_ordering,"[0, 5, 4, 3, 2, 1]",56,35,11,16,40,1,15
132,,6,17,pauli_polynomial_dynamic_ordering,"[1, 0, 3, 4, 2, 5]",64,35,11,15,43,1,14
137,,6,17,pauli_polynomial_dynamic_ordering,"[1, 0, 5, 4, 2, 3]",55,35,9,11,42,2,16
144,,6,17,pauli_polynomial_dynamic_ordering,"[2, 0, 1, 3, 4, 5]",61,35,10,15,45,2,15
170,,6,17,pauli_polynomial_dynamic_ordering,"[2, 0, 4, 1, 3, 5]",62,35,9,14,41,2,17
204,,6,17,pauli_polynomial_dynamic_ordering,"[3, 0, 4, 2, 1, 5]",61,35,11,16,47,0,14
260,,6,17,pauli_polynomial_dynamic_ordering,"[1, 4, 0, 3, 5, 2]",59,35,8,7,36,1,19
266,,6,17,pauli_polynomial_dynamic_ordering,"[2, 1, 0, 4, 3, 5]",66,35,9,13,41,1,17
292,,6,17,pauli_polynomial_dynamic_ordering,"[2, 4, 0, 1, 5, 3]",68,35,9,10,44,1,17
307,,6,17,pauli_polynomial_dynamic_ordering,"[3, 5, 0, 1, 4, 2]",61,35,7,9,42,3,18
311,,6,17,pauli_polynomial_dynamic_ordering,"[5, 4, 0, 1, 3, 2]",69,35,7,9,39,2,18
315,,6,17,pauli_polynomial_dynamic_ordering,"[2, 5, 0, 3, 1, 4]",59,35,7,5,35,3,20
316,,6,17,pauli_polynomial_dynamic_ordering,"[2, 4, 0, 5, 1, 3]",54,35,8,9,42,2,18
322,,6,17,pauli_polynomial_dynamic_ordering,"[4, 2, 0, 5, 1, 3]",62,35,9,11,45,2,15
329,,6,17,pauli_polynomial_dynamic_ordering,"[5, 4, 0, 2, 1, 3]",64,35,11,12,45,1,15
332,,6,17,pauli_polynomial_dynamic_ordering,"[4, 3, 0, 5, 1, 2]",62,35,8,9,41,1,17
336,,6,17,pauli_polynomial_dynamic_ordering,"[2, 3, 0, 4, 5, 1]",64,35,9,12,40,0,17
347,,6,17,pauli_polynomial_dynamic_ordering,"[5, 2, 0, 4, 3, 1]",60,35,10,11,39,1,16
351,,6,17,pauli_polynomial_dynamic_ordering,"[5, 3, 0, 2, 4, 1]",61,35,12,15,47,1,12
368,,6,17,pauli_polynomial_dynamic_ordering,"[1, 4, 2, 0, 3, 5]",64,35,12,15,47,1,12
372,,6,17,pauli_polynomial_dynamic_ordering,"[1, 3, 4, 0, 2, 5]",57,35,10,11,39,1,16
380,,6,17,pauli_polynomial_dynamic_ordering,"[1, 4, 3, 0, 5, 2]",62,35,8,7,36,2,19
387,,6,17,pauli_polynomial_dynamic_ordering,"[2, 1, 5, 0, 3, 4]",59,35,8,9,41,1,17
403,,6,17,pauli_polynomial_dynamic_ordering,"[3, 1, 5, 0, 4, 2]",56,35,8,9,42,2,18
408,,6,17,pauli_polynomial_dynamic_ordering,"[2, 3, 1, 0, 4, 5]",65,35,7,9,39,2,18
412,,6,17,pauli_polynomial_dynamic_ordering,"[2, 4, 1, 0, 5, 3]",66,35,7,9,42,3,18
413,,6,17,pauli_polynomial_dynamic_ordering,"[2, 5, 1, 0, 4, 3]",68,35,7,6,38,1,20
427,,6,17,pauli_polynomial_dynamic_ordering,"[3, 5, 1, 0, 4, 2]",61,35,9,10,44,1,17
443,,6,17,pauli_polynomial_dynamic_ordering,"[5, 2, 4, 0, 1, 3]",67,35,10,10,41,2,17
451,,6,17,pauli_polynomial_dynamic_ordering,"[3, 5, 4, 0, 1, 2]",67,35,8,10,42,1,18
455,,6,17,pauli_polynomial_dynamic_ordering,"[5, 4, 3, 0, 1, 2]",64,35,10,14,45,1,15
466,,6,17,pauli_polynomial_dynamic_ordering,"[4, 2, 5, 0, 3, 1]",69,35,9,13,39,2,16
502,,6,17,pauli_polynomial_dynamic_ordering,"[1, 4, 5, 3, 0, 2]",62,35,11,13,44,1,15
512,,6,17,pauli_polynomial_dynamic_ordering,"[4, 1, 2, 3, 0, 5]",60,35,10,13,38,2,17
514,,6,17,pauli_polynomial_dynamic_ordering,"[4, 1, 2, 5, 0, 3]",59,35,8,11,37,2,19
515,,6,17,pauli_polynomial_dynamic_ordering,"[5, 1, 2, 4, 0, 3]",66,35,11,16,47,0,14
550,,6,17,pauli_polynomial_dynamic_ordering,"[4, 5, 1, 3, 0, 2]",49,35,10,13,45,1,15
568,,6,17,pauli_polynomial_dynamic_ordering,"[4, 5, 2, 1, 0, 3]",62,35,10,13,41,1,17
575,,6,17,pauli_polynomial_dynamic_ordering,"[5, 4, 3, 1, 0, 2]",58,35,10,15,45,2,15
577,,6,17,pauli_polynomial_dynamic_ordering,"[2, 3, 5, 4, 0, 1]",62,35,7,8,38,1,18
578,,6,17,pauli_polynomial_dynamic_ordering,"[2, 4, 3, 5, 0, 1]",61,35,10,13,42,2,16
580,,6,17,pauli_polynomial_dynamic_ordering,"[2, 4, 5, 3, 0, 1]",67,35,11,13,46,1,14
587,,6,17,pauli_polynomial_dynamic_ordering,"[5, 2, 4, 3, 0, 1]",59,35,11,15,43,1,14
600,,6,17,pauli_polynomial_dynamic_ordering,"[1, 2, 3, 4, 5, 0]",70,35,11,16,40,1,15
624,,6,17,pauli_polynomial_dynamic_ordering,"[2, 1, 3, 4, 5, 0]",57,35,9,12,42,2,16
625,,6,17,pauli_polynomial_dynamic_ordering,"[2, 1, 3, 5, 4, 0]",65,35,10,12,42,1,16
636,,6,17,pauli_polynomial_dynamic_ordering,"[3, 1, 4, 2, 5, 0]",66,35,9,11,40,3,17
639,,6,17,pauli_polynomial_dynamic_ordering,"[5, 1, 3, 2, 4, 0]",61,35,12,20,43,1,14
646,,6,17,pauli_polynomial_dynamic_ordering,"[4, 1, 5, 3, 2, 0]",61,35,10,16,41,1,15
650,,6,17,pauli_polynomial_dynamic_ordering,"[2, 4, 1, 3, 5, 0]",63,35,9,13,42,3,16
653,,6,17,pauli_polynomial_dynamic_ordering,"[2, 5, 1, 4, 3, 0]",55,35,9,12,40,1,17
659,,6,17,pauli_polynomial_dynamic_ordering,"[5, 2, 1, 4, 3, 0]",60,35,10,16,41,1,15
674,,6,17,pauli_polynomial_dynamic_ordering,"[2, 4, 3, 1, 5, 0]",68,35,10,13,44,2,15
682,,6,17,pauli_polynomial_dynamic_ordering,"[4, 2, 5, 1, 3, 0]",60,35,10,16,43,1,14
684,,6,17,pauli_polynomial_dynamic_ordering,"[3, 4, 2, 1, 5, 0]",61,35,11,13,46,1,14
685,,6,17,pauli_polynomial_dynamic_ordering,"[3, 5, 2, 1, 4, 0]",66,35,9,12,38,1,18
688,,6,17,pauli_polynomial_dynamic_ordering,"[4, 5, 2, 1, 3, 0]",69,35,10,17,41,1,15
704,,6,17,pauli_polynomial_dynamic_ordering,"[4, 2, 3, 5, 1, 0]",61,35,10,16,43,1,14
708,,6,17,pauli_polynomial_dynamic_ordering,"[3, 4, 2, 5, 1, 0]",67,35,11,14,44,1,15
717,,6,17,pauli_polynomial_dynamic_ordering,"[5, 3, 4, 2, 1, 0]",62,35,12,19,47,1,12
3,,6,17,pauli_polynomial_dynamic_ordering,"[0, 1, 2, 5, 3, 4]",63,36,9,16,39,1,16
4,,6,17,pauli_polynomial_dynamic_ordering,"[0, 1, 2, 4, 5, 3]",58,36,12,16,48,1,13
6,,6,17,pauli_polynomial_dynamic_ordering,"[0, 1, 3, 2, 4, 5]",62,36,11,19,45,2,13
7,,6,17,pauli_polynomial_dynamic_ordering,"[0, 1, 3, 2, 5, 4]",54,36,9,17,37,2,17
12,,6,17,pauli_polynomial_dynamic_ordering,"[0, 1, 3, 4, 2, 5]",62,36,11,16,43,2,14
40,,6,17,pauli_polynomial_dynamic_ordering,"[0, 4, 1, 5, 2, 3]",62,36,8,9,36,1,19
47,,6,17,pauli_polynomial_dynamic_ordering,"[0, 5, 1, 4, 3, 2]",66,36,9,10,38,2,18
56,,6,17,pauli_polynomial_dynamic_ordering,"[0, 4, 2, 1, 3, 5]",69,36,12,18,45,1,13
57,,6,17,pauli_polynomial_dynamic_ordering,"[0, 5, 2, 1, 3, 4]",63,36,8,12,37,2,17
71,,6,17,pauli_polynomial_dynamic_ordering,"[0, 5, 4, 1, 3, 2]",68,36,7,9,38,3,18
85,,6,17,pauli_polynomial_dynamic_ordering,"[0, 3, 5, 2, 1, 4]",62,36,9,15,39,1,16
86,,6,17,pauli_polynomial_dynamic_ordering,"[0, 4, 3, 2, 1, 5]",64,36,11,19,41,0,15
105,,6,17,pauli_polynomial_dynamic_ordering,"[0, 5, 2, 3, 4, 1]",65,36,9,14,34,2,18
130,,6,17,pauli_polynomial_dynamic_ordering,"[1, 0, 4, 2, 5, 3]",62,36,10,12,40,1,17
133,,6,17,pauli_polynomial_dynamic_ordering,"[1, 0, 3, 5, 2, 4]",64,36,10,15,41,1,15
135,,6,17,pauli_polynomial_dynamic_ordering,"[1, 0, 5, 3, 2, 4]",63,36,9,15,39,2,16
139,,6,17,pauli_polynomial_dynamic_ordering,"[1, 0, 3, 5, 4, 2]",66,36,11,13,46,1,14
142,,6,17,pauli_polynomial_dynamic_ordering,"[1, 0, 4, 5, 3, 2]",61,36,7,8,38,1,18
147,,6,17,pauli_polynomial_dynamic_ordering,"[2, 0, 1, 5, 3, 4]",56,36,10,11,43,1,16
164,,6,17,pauli_polynomial_dynamic_ordering,"[4, 0, 1, 3, 5, 2]",66,36,7,6,35,2,20
181,,6,17,pauli_polynomial_dynamic_ordering,"[3, 0, 5, 1, 2, 4]",64,36,10,12,45,1,15
194,,6,17,pauli_polynomial_dynamic_ordering,"[2, 0, 4, 3, 1, 5]",63,36,10,16,43,1,16
200,,6,17,pauli_polynomial_dynamic_ordering,"[4, 0, 2, 3, 1, 5]",68,36,11,17,40,1,16
205,,6,17,pauli_polynomial_dynamic_ordering,"[3, 0, 5, 2, 1, 4]",64,36,8,11,37,2,19
213,,6,17,pauli_polynomial_dynamic_ordering,"[5, 0, 3, 4, 1, 2]",63,36,9,12,41,2,17
238,,6,17,pauli_polynomial_dynamic_ordering,"[4, 0, 5, 3, 2, 1]",57,36,9,13,35,1,18
243,,6,17,pauli_polynomial_dynamic_ordering,"[1, 2, 0, 5, 3, 4]",53,36,10,14,41,1,15
259,,6,17,pauli_polynomial_dynamic_ordering,"[1, 3, 0, 5, 4, 2]",54,36,9,11,44,2,15
268,,6,17,pauli_polynomial_dynamic_ordering,"[2, 1, 0, 4, 5, 3]",62,36,8,10,42,1,18
298,,6,17,pauli_polynomial_dynamic_ordering,"[4, 2, 0, 1, 5, 3]",63,36,11,12,47,1,14
314,,6,17,pauli_polynomial_dynamic_ordering,"[2, 4, 0, 3, 1, 5]",67,36,10,15,45,1,15
320,,6,17,pauli_polynomial_dynamic_ordering,"[4, 2, 0, 3, 1, 5]",68,36,11,17,48,1,12
321,,6,17,pauli_polynomial_dynamic_ordering,"[5, 2, 0, 3, 1, 4]",56,36,9,9,40,2,16
339,,6,17,pauli_polynomial_dynamic_ordering,"[2, 5, 0, 3, 4, 1]",64,36,8,7,36,2,19
354,,6,17,pauli_polynomial_dynamic_ordering,"[3, 4, 0, 5, 2, 1]",63,36,8,12,36,1,19
356,,6,17,pauli_polynomial_dynamic_ordering,"[4, 3, 0, 5, 2, 1]",50,36,8,13,37,1,17
358,,6,17,pauli_polynomial_dynamic_ordering,"[4, 5, 0, 3, 2, 1]",61,36,10,14,39,1,16
363,,6,17,pauli_polynomial_dynamic_ordering,"[1, 2, 5, 0, 3, 4]",50,36,8,13,37,1,17
373,,6,17,pauli_polynomial_dynamic_ordering,"[1, 3, 5, 0, 2, 4]",63,36,9,14,43,2,14
379,,6,17,pauli_polynomial_dynamic_ordering,"[1, 3, 5, 0, 4, 2]",54,36,9,12,40,2,17
395,,6,17,pauli_polynomial_dynamic_ordering,"[5, 1, 2, 0, 4, 3]",64,36,11,14,45,0,15
397,,6,17,pauli_polynomial_dynamic_ordering,"[3, 1, 5, 0, 2, 4]",58,36,9,11,45,2,15
411,,6,17,pauli_polynomial_dynamic_ordering,"[2, 5, 1, 0, 3, 4]",64,36,8,7,39,1,18
414,,6,17,pauli_polynomial_dynamic_ordering,"[3, 2, 1, 0, 4, 5]",59,36,9,10,41,1,17
418,,6,17,pauli_polynomial_dynamic_ordering,"[4, 2, 1, 0, 5, 3]",60,36,10,11,43,2,16
438,,6,17,pauli_polynomial_dynamic_ordering,"[3, 2, 4, 0, 1, 5]",62,36,10,12,43,1,16
467,,6,17,pauli_polynomial_dynamic_ordering,"[5, 2, 4, 0, 3, 1]",63,36,11,13,41,1,15
480,,6,17,pauli_polynomial_dynamic_ordering,"[1, 2, 3, 4, 0, 5]",59,36,10,15,37,1,17
501,,6,17,pauli_polynomial_dynamic_ordering,"[1, 5, 3, 4, 0, 2]",64,36,11,16,42,0,16
506,,6,17,pauli_polynomial_dynamic_ordering,"[2, 1, 4, 3, 0, 5]",67,36,9,12,41,2,17
519,,6,17,pauli_polynomial_dynamic_ordering,"[5, 1, 3, 2, 0, 4]",62,36,11,17,40,1,16
538,,6,17,pauli_polynomial_dynamic_ordering,"[4, 2, 1, 5, 0, 3]",58,36,10,12,45,1,15
549,,6,17,pauli_polynomial_dynamic_ordering,"[5, 3, 1, 4, 0, 2]",54,36,9,14,41,2,17
555,,6,17,pauli_polynomial_dynamic_ordering,"[2, 5, 3, 1, 0, 4]",62,36,7,6,35,2,20
556,,6,17,pauli_polynomial_dynamic_ordering,"[2, 4, 5, 1, 0, 3]",69,36,10,10,48,1,15
562,,6,17,pauli_polynomial_dynamic_ordering,"[4, 2, 5, 1, 0, 3]",68,36,10,12,43,1,16
572,,6,17,pauli_polynomial_dynamic_ordering,"[4, 3, 5, 1, 0, 2]",67,36,10,11,43,1,16
588,,6,17,pauli_polynomial_dynamic_ordering,"[3, 4, 2, 5, 0, 1]",57,36,10,13,40,2,17
590,,6,17,pauli_polynomial_dynamic_ordering,"[4, 3, 2, 5, 0, 1]",64,36,8,14,33,2,19
595,,6,17,pauli_polynomial_dynamic_ordering,"[3, 5, 4, 2, 0, 1]",63,36,12,15,48,1,13
634,,6,17,pauli_polynomial_dynamic_ordering,"[4, 1, 2, 5, 3, 0]",64,36,9,15,39,1,16
645,,6,17,pauli_polynomial_dynamic_ordering,"[5, 1, 3, 4, 2, 0]",70,36,12,21,49,1,11
656,,6,17,pauli_polynomial_dynamic_ordering,"[4, 2, 1, 3, 5, 0]",65,36,10,15,43,2,14
660,,6,17,pauli_polynomial_dynamic_ordering,"[3, 4, 1, 2, 5, 0]",63,36,9,11,38,2,18
662,,6,17,pauli_polynomial_dynamic_ordering,"[4, 3, 1, 2, 5, 0]",61,36,8,12,37,2,17
663,,6,17,pauli_polynomial_dynamic_ordering,"[5, 3, 1, 2, 4, 0]",60,36,12,18,45,1,13
710,,6,17,pauli_polynomial_dynamic_ordering,"[4, 3, 2, 5, 1, 0]",56,36,9,15,37,1,17
713,,6,17,pauli_polynomial_dynamic_ordering,"[5, 4, 2, 3, 1, 0]",70,36,11,19,45,2,13
716,,6,17,pauli_polynomial_dynamic_ordering,"[4, 3, 5, 2, 1, 0]",67,36,9,16,39,1,16
9,,6,17,pauli_polynomial_dynamic_ordering,"[0, 1, 5, 2, 3, 4]",60,37,9,15,37,1,17
13,,6,17,pauli_polynomial_dynamic_ordering,"[0, 1, 3, 5, 2, 4]",73,37,9,16,41,2,15
19,,6,17,pauli_polynomial_dynamic_ordering,"[0, 1, 3, 5, 4, 2]",63,37,10,14,46,2,14
28,,6,17,pauli_polynomial_dynamic_ordering,"[0, 2, 1, 4, 5, 3]",69,37,12,16,46,1,14
29,,6,17,pauli_polynomial_dynamic_ordering,"[0, 2, 1, 5, 4, 3]",58,37,12,15,48,0,13
31,,6,17,pauli_polynomial_dynamic_ordering,"[0, 3, 1, 2, 5, 4]",63,37,10,17,41,1,15
51,,6,17,pauli_polynomial_dynamic_ordering,"[0, 2, 5, 1, 3, 4]",68,37,9,13,41,1,15
63,,6,17,pauli_polynomial_dynamic_ordering,"[0, 5, 3, 1, 2, 4]",63,37,10,15,43,2,14
74,,6,17,pauli_polynomial_dynamic_ordering,"[0, 2, 4, 3, 1, 5]",66,37,12,21,49,1,11
76,,6,17,pauli_polynomial_dynamic_ordering,"[0, 2, 4, 5, 1, 3]",70,37,12,15,50,1,12
94,,6,17,pauli_polynomial_dynamic_ordering,"[0, 4, 5, 3, 1, 2]",60,37,10,12,42,1,16
95,,6,17,pauli_polynomial_dynamic_ordering,"[0, 5, 4, 3, 1, 2]",69,37,9,12,42,2,16
118,,6,17,pauli_polynomial_dynamic_ordering,"[0, 4, 5, 3, 2, 1]",67,37,11,16,40,0,15
124,,6,17,pauli_polynomial_dynamic_ordering,"[1, 0, 2, 4, 5, 3]",61,37,12,15,48,1,13
150,,6,17,pauli_polynomial_dynamic_ordering,"[3, 0, 1, 2, 4, 5]",58,37,12,15,49,1,13
169,,6,17,pauli_polynomial_dynamic_ordering,"[2, 0, 3, 1, 5, 4]",65,37,10,13,45,1,15
176,,6,17,pauli_polynomial_dynamic_ordering,"[4, 0, 2, 1, 3, 5]",64,37,11,15,42,1,15
182,,6,17,pauli_polynomial_dynamic_ordering,"[4, 0, 3, 1, 2, 5]",70,37,9,12,38,1,17
192,,6,17,pauli_polynomial_dynamic_ordering,"[2, 0, 3, 4, 1, 5]",64,37,10,16,45,1,15
201,,6,17,pauli_polynomial_dynamic_ordering,"[5, 0, 2, 3, 1, 4]",68,37,8,11,38,3,17
202,,6,17,pauli_polynomial_dynamic_ordering,"[4, 0, 2, 5, 1, 3]",62,37,9,11,39,1,18
216,,6,17,pauli_polynomial_dynamic_ordering,"[2, 0, 3, 4, 5, 1]",60,37,11,16,46,0,14
218,,6,17,pauli_polynomial_dynamic_ordering,"[2, 0, 4, 3, 5, 1]",69,37,11,16,42,0,16
222,,6,17,pauli_polynomial_dynamic_ordering,"[3, 0, 2, 4, 5, 1]",67,37,13,17,50,0,12
226,,6,17,pauli_polynomial_dynamic_ordering,"[4, 0, 2, 5, 3, 1]",61,37,9,14,37,1,17
239,,6,17,pauli_polynomial_dynamic_ordering,"[5, 0, 4, 3, 2, 1]",62,37,10,15,37,1,17
241,,6,17,pauli_polynomial_dynamic_ordering,"[1, 2, 0, 3, 5, 4]",62,37,12,16,45,0,13
244,,6,17,pauli_polynomial_dynamic_ordering,"[1, 2, 0, 4, 5, 3]",68,37,12,14,44,0,15
248,,6,17,pauli_polynomial_dynamic_ordering,"[1, 4, 0, 2, 3, 5]",70,37,10,13,39,1,16
252,,6,17,pauli_polynomial_dynamic_ordering,"[1, 3, 0, 4, 2, 5]",62,37,11,13,41,1,15
273,,6,17,pauli_polynomial_dynamic_ordering,"[5, 1, 0, 2, 3, 4]",65,37,11,15,42,1,15
278,,6,17,pauli_polynomial_dynamic_ordering,"[4, 1, 0, 3, 2, 5]",62,37,8,9,36,2,18
302,,6,17,pauli_polynomial_dynamic_ordering,"[4, 3, 0, 1, 2, 5]",65,37,9,11,40,1,16
308,,6,17,pauli_polynomial_dynamic_ordering,"[4, 3, 0, 1, 5, 2]",70,37,8,7,39,1,18
324,,6,17,pauli_polynomial_dynamic_ordering,"[3, 4, 0, 2, 1, 5]",63,37,11,14,45,0,15
338,,6,17,pauli_polynomial_dynamic_ordering,"[2, 4, 0, 3, 5, 1]",60,37,11,15,44,0,15
346,,6,17,pauli_polynomial_dynamic_ordering,"[4, 2, 0, 5, 3, 1]",72,37,9,14,43,2,14
361,,6,17,pauli_polynomial_dynamic_ordering,"[1, 2, 3, 0, 5, 4]",60,37,10,14,39,1,16
381,,6,17,pauli_polynomial_dynamic_ordering,"[1, 5, 3, 0, 4, 2]",63,37,11,15,44,0,15
383,,6,17,pauli_polynomial_dynamic_ordering,"[1, 5, 4, 0, 3, 2]",61,37,9,12,40,0,17
398,,6,17,pauli_polynomial_dynamic_ordering,"[4, 1, 3, 0, 2, 5]",56,37,9,9,40,2,16
399,,6,17,pauli_polynomial_dynamic_ordering,"[5, 1, 3, 0, 2, 4]",68,37,11,17,48,1,12
405,,6,17,pauli_polynomial_dynamic_ordering,"[5, 1, 3, 0, 4, 2]",59,37,10,15,45,1,15
409,,6,17,pauli_polynomial_dynamic_ordering,"[2, 3, 1, 0, 5, 4]",57,37,6,7,37,3,19
417,,6,17,pauli_polynomial_dynamic_ordering,"[5, 2, 1, 0, 3, 4]",57,37,9,11,40,1,16
441,,6,17,pauli_polynomial_dynamic_ordering,"[5, 2, 3, 0, 1, 4]",70,37,8,9,36,2,18
448,,6,17,pauli_polynomial_dynamic_ordering,"[4, 5, 2, 0, 1, 3]",65,37,9,11,41,2,17
470,,6,17,pauli_polynomial_dynamic_ordering,"[4, 3, 2, 0, 5, 1]",65,37,10,15,39,1,16
471,,6,17,pauli_polynomial_dynamic_ordering,"[5, 3, 2, 0, 4, 1]",64,37,10,13,39,1,16
475,,6,17,pauli_polynomial_dynamic_ordering,"[3, 5, 4, 0, 2, 1]",62,37,12,14,44,0,15
478,,6,17,pauli_polynomial_dynamic_ordering,"[4, 5, 3, 0, 2, 1]",60,37,12,16,45,0,13
481,,6,17,pauli_polynomial_dynamic_ordering,"[1, 2, 3, 5, 0, 4]",71,37,9,13,35,1,18
493,,6,17,pauli_polynomial_dynamic_ordering,"[1, 3, 5, 2, 0, 4]",59,37,9,14,37,1,17
509,,6,17,pauli_polynomial_dynamic_ordering,"[2, 1, 5, 4, 0, 3]",66,37,8,10,44,0,17
517,,6,17,pauli_polynomial_dynamic_ordering,"[3, 1, 5, 2, 0, 4]",58,37,9,11,39,1,18
518,,6,17,pauli_polynomial_dynamic_ordering,"[4, 1, 3, 2, 0, 5]",70,37,8,11,38,3,17
525,,6,17,pauli_polynomial_dynamic_ordering,"[5, 1, 3, 4, 0, 2]",55,37,10,16,43,1,16
537,,6,17,pauli_polynomial_dynamic_ordering,"[5, 2, 1, 3, 0, 4]",64,37,9,12,38,1,17
543,,6,17,pauli_polynomial_dynamic_ordering,"[5, 3, 1, 2, 0, 4]",61,37,11,15,42,1,15
566,,6,17,pauli_polynomial_dynamic_ordering,"[4, 3, 2, 1, 0, 5]",66,37,10,13,38,2,17
569,,6,17,pauli_polynomial_dynamic_ordering,"[5, 4, 2, 1, 0, 3]",61,37,12,15,49,1,13
574,,6,17,pauli_polynomial_dynamic_ordering,"[4, 5, 3, 1, 0, 2]",66,37,9,13,43,2,16
584,,6,17,pauli_polynomial_dynamic_ordering,"[4, 2, 3, 5, 0, 1]",62,37,9,15,39,2,16
589,,6,17,pauli_polynomial_dynamic_ordering,"[3, 5, 2, 4, 0, 1]",57,37,10,12,40,1,17
614,,6,17,pauli_polynomial_dynamic_ordering,"[1, 4, 3, 2, 5, 0]",63,37,9,14,34,2,18
619,,6,17,pauli_polynomial_dynamic_ordering,"[1, 3, 5, 4, 2, 0]",70,37,12,18,48,1,11
626,,6,17,pauli_polynomial_dynamic_ordering,"[2, 1, 4, 3, 5, 0]",60,37,10,13,40,2,17
633,,6,17,pauli_polynomial_dynamic_ordering,"[5, 1, 2, 3, 4, 0]",56,37,11,19,41,0,15
665,,6,17,pauli_polynomial_dynamic_ordering,"[5, 4, 1, 2, 3, 0]",63,37,12,20,43,1,14
671,,6,17,pauli_polynomial_dynamic_ordering,"[5, 4, 1, 3, 2, 0]",69,37,11,20,43,2,14
672,,6,17,pauli_polynomial_dynamic_ordering,"[2, 3, 4, 1, 5, 0]",64,37,9,10,38,2,18
683,,6,17,pauli_polynomial_dynamic_ordering,"[5, 2, 4, 1, 3, 0]",66,37,11,16,43,2,14
690,,6,17,pauli_polynomial_dynamic_ordering,"[3, 4, 5, 1, 2, 0]",61,37,12,15,48,0,13
700,,6,17,pauli_polynomial_dynamic_ordering,"[2, 4, 5, 3, 1, 0]",73,37,10,14,46,2,14
706,,6,17,pauli_polynomial_dynamic_ordering,"[4, 2, 5, 3, 1, 0]",61,37,9,16,41,2,15
707,,6,17,pauli_polynomial_dynamic_ordering,"[5, 2, 4, 3, 1, 0]",63,37,11,16,43,2,14
719,,6,17,pauli_polynomial_dynamic_ordering,"[5, 4, 3, 2, 1, 0]",67,37,12,20,43,1,14
36,,6,17,pauli_polynomial_dynamic_ordering,"[0, 3, 1, 4, 2, 5]",73,38,11,16,43,2,14
48,,6,17,pauli_polynomial_dynamic_ordering,"[0, 2, 3, 1, 4, 5]",64,38,11,20,43,2,14
50,,6,17,pauli_polynomial_dynamic_ordering,"[0, 2, 4, 1, 3, 5]",74,38,11,19,47,2,12
87,,6,17,pauli_polynomial_dynamic_ordering,"[0, 5, 3, 2, 1, 4]",66,38,9,14,37,2,17
122,,6,17,pauli_polynomial_dynamic_ordering,"[1, 0, 2, 4, 3, 5]",63,38,12,18,47,1,12
126,,6,17,pauli_polynomial_dynamic_ordering,"[1, 0, 3, 2, 4, 5]",63,38,12,18,45,1,13
129,,6,17,pauli_polynomial_dynamic_ordering,"[1, 0, 5, 2, 3, 4]",69,38,8,14,33,2,19
131,,6,17,pauli_polynomial_dynamic_ordering,"[1, 0, 5, 2, 4, 3]",63,38,10,13,40,2,17
134,,6,17,pauli_polynomial_dynamic_ordering,"[1, 0, 4, 3, 2, 5]",61,38,9,13,35,1,18
153,,6,17,pauli_polynomial_dynamic_ordering,"[5, 0, 1, 2, 3, 4]",50,38,10,13,38,2,17
157,,6,17,pauli_polynomial_dynamic_ordering,"[3, 0, 1, 5, 2, 4]",67,38,10,12,43,1,16
174,,6,17,pauli_polynomial_dynamic_ordering,"[3, 0, 2, 1, 4, 5]",76,38,12,16,47,1,14
199,,6,17,pauli_polynomial_dynamic_ordering,"[3, 0, 2, 5, 1, 4]",66,38,9,12,41,1,17
217,,6,17,pauli_polynomial_dynamic_ordering,"[2, 0, 3, 5, 4, 1]",72,38,11,13,44,1,15
271,,6,17,pauli_polynomial_dynamic_ordering,"[3, 1, 0, 2, 5, 4]",72,38,9,11,41,2,17
288,,6,17,pauli_polynomial_dynamic_ordering,"[2, 3, 0, 1, 4, 5]",70,38,8,11,41,2,17
306,,6,17,pauli_polynomial_dynamic_ordering,"[3, 4, 0, 1, 5, 2]",67,38,7,6,38,1,20
371,,6,17,pauli_polynomial_dynamic_ordering,"[1, 5, 2, 0, 4, 3]",68,38,10,14,40,0,17
392,,6,17,pauli_polynomial_dynamic_ordering,"[4, 1, 2, 0, 3, 5]",56,38,11,13,44,1,14
421,,6,17,pauli_polynomial_dynamic_ordering,"[3, 5, 1, 0, 2, 4]",69,38,11,12,47,1,14
429,,6,17,pauli_polynomial_dynamic_ordering,"[5, 3, 1, 0, 4, 2]",65,38,9,13,43,2,16
431,,6,17,pauli_polynomial_dynamic_ordering,"[5, 4, 1, 0, 3, 2]",65,38,8,11,41,2,17
449,,6,17,pauli_polynomial_dynamic_ordering,"[5, 4, 2, 0, 1, 3]",60,38,11,13,49,2,13
494,,6,17,pauli_polynomial_dynamic_ordering,"[1, 4, 3, 2, 0, 5]",60,38,10,13,39,2,16
503,,6,17,pauli_polynomial_dynamic_ordering,"[1, 5, 4, 3, 0, 2]",58,38,11,16,46,0,14
527,,6,17,pauli_polynomial_dynamic_ordering,"[5, 1, 4, 3, 0, 2]",56,38,10,16,45,1,15
592,,6,17,pauli_polynomial_dynamic_ordering,"[4, 5, 2, 3, 0, 1]",65,38,10,16,37,1,17
597,,6,17,pauli_polynomial_dynamic_ordering,"[5, 3, 4, 2, 0, 1]",68,38,12,18,47,1,12
611,,6,17,pauli_polynomial_dynamic_ordering,"[1, 5, 2, 4, 3, 0]",57,38,11,20,44,0,13
622,,6,17,pauli_polynomial_dynamic_ordering,"[1, 4, 5, 3, 2, 0]",65,38,11,18,42,1,14
632,,6,17,pauli_polynomial_dynamic_ordering,"[4, 1, 2, 3, 5, 0]",68,38,9,14,37,2,17
669,,6,17,pauli_polynomial_dynamic_ordering,"[5, 3, 1, 4, 2, 0]",63,38,11,19,47,2,12
712,,6,17,pauli_polynomial_dynamic_ordering,"[4, 5, 2, 3, 1, 0]",62,38,9,17,37,2,17
714,,6,17,pauli_polynomial_dynamic_ordering,"[3, 4, 5, 2, 1, 0]",69,38,11,15,42,1,16
0,,6,17,pauli_polynomial_dynamic_ordering,"[0, 1, 2, 3, 4, 5]",76,39,12,20,43,1,14
5,,6,17,pauli_polynomial_dynamic_ordering,"[0, 1, 2, 5, 4, 3]",73,39,11,15,42,1,16
53,,6,17,pauli_polynomial_dynamic_ordering,"[0, 2, 5, 1, 4, 3]",65,39,10,12,42,1,16
67,,6,17,pauli_polynomial_dynamic_ordering,"[0, 3, 5, 1, 4, 2]",61,39,11,14,46,1,14
91,,6,17,pauli_polynomial_dynamic_ordering,"[0, 3, 5, 4, 1, 2]",68,39,11,14,44,1,15
103,,6,17,pauli_polynomial_dynamic_ordering,"[0, 3, 2, 5, 4, 1]",75,39,11,18,38,1,16
113,,6,17,pauli_polynomial_dynamic_ordering,"[0, 5, 4, 2, 3, 1]",68,39,10,15,42,2,14
120,,6,17,pauli_polynomial_dynamic_ordering,"[1, 0, 2, 3, 4, 5]",67,39,12,19,43,1,14
123,,6,17,pauli_polynomial_dynamic_ordering,"[1, 0, 2, 5, 3, 4]",67,39,9,15,39,1,16
125,,6,17,pauli_polynomial_dynamic_ordering,"[1, 0, 2, 5, 4, 3]",74,39,11,14,42,1,16
145,,6,17,pauli_polynomial_dynamic_ordering,"[2, 0, 1, 3, 5, 4]",72,39,9,13,43,2,16
156,,6,17,pauli_polynomial_dynamic_ordering,"[3, 0, 1, 4, 2, 5]",70,39,10,12,43,2,16
175,,6,17,pauli_polynomial_dynamic_ordering,"[3, 0, 2, 1, 5, 4]",77,39,11,14,47,0,14
225,,6,17,pauli_polynomial_dynamic_ordering,"[5, 0, 2, 3, 4, 1]",72,39,10,13,39,2,16
249,,6,17,pauli_polynomial_dynamic_ordering,"[1, 5, 0, 2, 3, 4]",70,39,10,15,39,1,16
274,,6,17,pauli_polynomial_dynamic_ordering,"[4, 1, 0, 2, 5, 3]",57,39,7,8,39,2,18
279,,6,17,pauli_polynomial_dynamic_ordering,"[5, 1, 0, 3, 2, 4]",73,39,11,16,44,1,14
290,,6,17,pauli_polynomial_dynamic_ordering,"[2, 4, 0, 1, 3, 5]",69,39,9,13,43,2,16
301,,6,17,pauli_polynomial_dynamic_ordering,"[3, 5, 0, 1, 2, 4]",71,39,10,11,43,2,16
335,,6,17,pauli_polynomial_dynamic_ordering,"[5, 4, 0, 3, 1, 2]",65,39,9,12,43,1,16
340,,6,17,pauli_polynomial_dynamic_ordering,"[2, 4, 0, 5, 3, 1]",60,39,9,12,40,2,17
344,,6,17,pauli_polynomial_dynamic_ordering,"[4, 2, 0, 3, 5, 1]",71,39,12,17,47,0,12
357,,6,17,pauli_polynomial_dynamic_ordering,"[5, 3, 0, 4, 2, 1]",75,39,12,16,45,0,13
362,,6,17,pauli_polynomial_dynamic_ordering,"[1, 2, 4, 0, 3, 5]",69,39,12,16,45,0,13
440,,6,17,pauli_polynomial_dynamic_ordering,"[4, 2, 3, 0, 1, 5]",68,39,11,16,44,1,14
460,,6,17,pauli_polynomial_dynamic_ordering,"[2, 4, 5, 0, 3, 1]",60,39,9,11,44,2,15
489,,6,17,pauli_polynomial_dynamic_ordering,"[1, 5, 2, 3, 0, 4]",56,39,9,16,35,0,18
497,,6,17,pauli_polynomial_dynamic_ordering,"[1, 5, 4, 2, 0, 3]",67,39,13,17,50,0,12
520,,6,17,pauli_polynomial_dynamic_ordering,"[4, 1, 5, 2, 0, 3]",66,39,9,12,41,1,17
541,,6,17,pauli_polynomial_dynamic_ordering,"[3, 5, 1, 2, 0, 4]",57,39,11,12,43,0,16
544,,6,17,pauli_polynomial_dynamic_ordering,"[4, 5, 1, 2, 0, 3]",65,39,11,14,47,0,14
593,,6,17,pauli_polynomial_dynamic_ordering,"[5, 4, 2, 3, 0, 1]",67,39,12,18,45,1,13
594,,6,17,pauli_polynomial_dynamic_ordering,"[3, 4, 5, 2, 0, 1]",70,39,11,14,42,1,16
599,,6,17,pauli_polynomial_dynamic_ordering,"[5, 4, 3, 2, 0, 1]",74,39,12,19,43,1,14
601,,6,17,pauli_polynomial_dynamic_ordering,"[1, 2, 3, 5, 4, 0]",65,39,11,16,40,0,15
616,,6,17,pauli_polynomial_dynamic_ordering,"[1, 4, 5, 2, 3, 0]",68,39,11,18,38,1,16
628,,6,17,pauli_polynomial_dynamic_ordering,"[2, 1, 4, 5, 3, 0]",66,39,11,14,44,1,15
643,,6,17,pauli_polynomial_dynamic_ordering,"[3, 1, 5, 4, 2, 0]",67,39,12,15,50,1,12
655,,6,17,pauli_polynomial_dynamic_ordering,"[3, 2, 1, 5, 4, 0]",63,39,10,10,42,0,16
666,,6,17,pauli_polynomial_dynamic_ordering,"[3, 4, 1, 5, 2, 0]",70,39,10,12,42,1,16
691,,6,17,pauli_polynomial_dynamic_ordering,"[3, 5, 4, 1, 2, 0]",68,39,12,16,46,1,14
718,,6,17,pauli_polynomial_dynamic_ordering,"[4, 5, 3, 2, 1, 0]",65,39,10,18,41,1,15
1,,6,17,pauli_polynomial_dynamic_ordering,"[0, 1, 2, 3, 5, 4]",57,40,10,18,41,1,15
8,,6,17,pauli_polynomial_dynamic_ordering,"[0, 1, 4, 2, 3, 5]",61,40,9,16,43,2,14
35,,6,17,pauli_polynomial_dynamic_ordering,"[0, 5, 1, 2, 4, 3]",71,40,11,13,46,1,14
58,,6,17,pauli_polynomial_dynamic_ordering,"[0, 4, 2, 1, 5, 3]",72,40,12,15,46,0,14
93,,6,17,pauli_polynomial_dynamic_ordering,"[0, 5, 3, 4, 1, 2]",72,40,10,13,40,2,17
97,,6,17,pauli_polynomial_dynamic_ordering,"[0, 2, 3, 5, 4, 1]",68,40,11,18,42,1,14
100,,6,17,pauli_polynomial_dynamic_ordering,"[0, 2, 4, 5, 3, 1]",70,40,12,18,48,1,11
108,,6,17,pauli_polynomial_dynamic_ordering,"[0, 3, 4, 2, 5, 1]",62,40,11,20,44,0,13
117,,6,17,pauli_polynomial_dynamic_ordering,"[0, 5, 3, 4, 2, 1]",67,40,12,17,44,1,13
127,,6,17,pauli_polynomial_dynamic_ordering,"[1, 0, 3, 2, 5, 4]",63,40,10,16,37,1,17
128,,6,17,pauli_polynomial_dynamic_ordering,"[1, 0, 4, 2, 3, 5]",66,40,10,15,41,1,15
224,,6,17,pauli_polynomial_dynamic_ordering,"[4, 0, 2, 3, 5, 1]",62,40,11,17,39,0,16
230,,6,17,pauli_polynomial_dynamic_ordering,"[4, 0, 3, 2, 5, 1]",64,40,9,16,35,0,18
231,,6,17,pauli_polynomial_dynamic_ordering,"[5, 0, 3, 2, 4, 1]",65,40,11,15,41,2,15
345,,6,17,pauli_polynomial_dynamic_ordering,"[5, 2, 0, 3, 4, 1]",60,40,10,11,41,1,15
385,,6,17,pauli_polynomial_dynamic_ordering,"[2, 1, 3, 0, 5, 4]",68,40,8,10,41,2,17
416,,6,17,pauli_polynomial_dynamic_ordering,"[4, 2, 1, 0, 3, 5]",70,40,11,14,46,1,13
458,,6,17,pauli_polynomial_dynamic_ordering,"[2, 4, 3, 0, 5, 1]",66,40,10,14,44,1,15
505,,6,17,pauli_polynomial_dynamic_ordering,"[2, 1, 3, 5, 0, 4]",68,40,8,9,37,2,19
536,,6,17,pauli_polynomial_dynamic_ordering,"[4, 2, 1, 3, 0, 5]",67,40,10,14,44,2,14
545,,6,17,pauli_polynomial_dynamic_ordering,"[5, 4, 1, 2, 0, 3]",69,40,12,16,47,1,14
596,,6,17,pauli_polynomial_dynamic_ordering,"[4, 3, 5, 2, 0, 1]",67,40,9,15,39,1,16
606,,6,17,pauli_polynomial_dynamic_ordering,"[1, 3, 2, 4, 5, 0]",68,40,10,15,42,2,14
635,,6,17,pauli_polynomial_dynamic_ordering,"[5, 1, 2, 4, 3, 0]",71,40,11,20,49,0,11
661,,6,17,pauli_polynomial_dynamic_ordering,"[3, 5, 1, 2, 4, 0]",72,40,12,15,46,0,14
668,,6,17,pauli_polynomial_dynamic_ordering,"[4, 3, 1, 5, 2, 0]",67,40,9,13,41,1,15
670,,6,17,pauli_polynomial_dynamic_ordering,"[4, 5, 1, 3, 2, 0]",67,40,11,18,43,1,14
711,,6,17,pauli_polynomial_dynamic_ordering,"[5, 3, 2, 4, 1, 0]",62,40,9,16,43,2,14
26,,6,17,pauli_polynomial_dynamic_ordering,"[0, 2, 1, 4, 3, 5]",74,41,12,19,45,1,13
30,,6,17,pauli_polynomial_dynamic_ordering,"[0, 3, 1, 2, 4, 5]",74,41,12,19,49,1,11
49,,6,17,pauli_polynomial_dynamic_ordering,"[0, 2, 3, 1, 5, 4]",66,41,11,18,43,1,14
75,,6,17,pauli_polynomial_dynamic_ordering,"[0, 2, 5, 3, 1, 4]",70,41,8,13,39,2,16
90,,6,17,pauli_polynomial_dynamic_ordering,"[0, 3, 4, 5, 1, 2]",71,41,10,14,46,0,14
106,,6,17,pauli_polynomial_dynamic_ordering,"[0, 4, 2, 5, 3, 1]",76,41,11,17,40,1,15
111,,6,17,pauli_polynomial_dynamic_ordering,"[0, 5, 3, 2, 4, 1]",71,41,10,16,40,2,15
115,,6,17,pauli_polynomial_dynamic_ordering,"[0, 3, 5, 4, 2, 1]",68,41,13,18,48,0,11
183,,6,17,pauli_polynomial_dynamic_ordering,"[5, 0, 3, 1, 2, 4]",71,41,10,14,44,2,14
212,,6,17,pauli_polynomial_dynamic_ordering,"[4, 0, 3, 5, 1, 2]",71,41,9,10,41,0,17
255,,6,17,pauli_polynomial_dynamic_ordering,"[1, 5, 0, 3, 2, 4]",70,41,11,16,41,1,15
296,,6,17,pauli_polynomial_dynamic_ordering,"[4, 2, 0, 1, 3, 5]",70,41,10,15,46,2,13
303,,6,17,pauli_polynomial_dynamic_ordering,"[5, 3, 0, 1, 2, 4]",64,41,11,14,46,1,13
327,,6,17,pauli_polynomial_dynamic_ordering,"[5, 3, 0, 2, 1, 4]",63,41,11,13,44,1,14
365,,6,17,pauli_polynomial_dynamic_ordering,"[1, 2, 5, 0, 4, 3]",68,41,8,12,36,1,19
374,,6,17,pauli_polynomial_dynamic_ordering,"[1, 4, 3, 0, 2, 5]",73,41,10,11,41,1,15
375,,6,17,pauli_polynomial_dynamic_ordering,"[1, 5, 3, 0, 2, 4]",73,41,12,17,47,0,12
423,,6,17,pauli_polynomial_dynamic_ordering,"[5, 3, 1, 0, 2, 4]",70,41,10,15,46,2,13
459,,6,17,pauli_polynomial_dynamic_ordering,"[2, 5, 3, 0, 4, 1]",64,41,8,7,36,1,19
483,,6,17,pauli_polynomial_dynamic_ordering,"[1, 2, 5, 3, 0, 4]",66,41,9,14,37,0,17
488,,6,17,pauli_polynomial_dynamic_ordering,"[1, 4, 2, 3, 0, 5]",64,41,11,15,41,2,15
495,,6,17,pauli_polynomial_dynamic_ordering,"[1, 5, 3, 2, 0, 4]",69,41,11,17,39,0,16
507,,6,17,pauli_polynomial_dynamic_ordering,"[2, 1, 5, 3, 0, 4]",64,41,9,10,41,0,17
591,,6,17,pauli_polynomial_dynamic_ordering,"[5, 3, 2, 4, 0, 1]",69,41,10,15,41,1,15
598,,6,17,pauli_polynomial_dynamic_ordering,"[4, 5, 3, 2, 0, 1]",62,41,10,17,41,1,15
608,,6,17,pauli_polynomial_dynamic_ordering,"[1, 4, 2, 3, 5, 0]",72,41,10,16,40,2,15
623,,6,17,pauli_polynomial_dynamic_ordering,"[1, 5, 4, 3, 2, 0]",63,41,13,21,44,0,13
644,,6,17,pauli_polynomial_dynamic_ordering,"[4, 1, 3, 5, 2, 0]",64,41,8,13,39,2,16
647,,6,17,pauli_polynomial_dynamic_ordering,"[5, 1, 4, 3, 2, 0]",69,41,12,21,43,1,14
680,,6,17,pauli_polynomial_dynamic_ordering,"[4, 2, 3, 1, 5, 0]",69,41,10,15,41,2,15
689,,6,17,pauli_polynomial_dynamic_ordering,"[5, 4, 2, 1, 3, 0]",65,41,12,19,49,1,11
693,,6,17,pauli_polynomial_dynamic_ordering,"[5, 3, 4, 1, 2, 0]",76,41,12,19,45,1,13
24,,6,17,pauli_polynomial_dynamic_ordering,"[0, 2, 1, 3, 4, 5]",74,42,12,20,47,1,12
39,,6,17,pauli_polynomial_dynamic_ordering,"[0, 5, 1, 3, 2, 4]",72,42,10,15,41,2,15
64,,6,17,pauli_polynomial_dynamic_ordering,"[0, 4, 5, 1, 2, 3]",71,42,10,10,42,0,16
72,,6,17,pauli_polynomial_dynamic_ordering,"[0, 2, 3, 4, 1, 5]",67,42,12,21,43,1,14
84,,6,17,pauli_polynomial_dynamic_ordering,"[0, 3, 4, 2, 1, 5]",61,42,11,20,49,0,11
92,,6,17,pauli_polynomial_dynamic_ordering,"[0, 4, 3, 5, 1, 2]",75,42,10,13,42,0,16
96,,6,17,pauli_polynomial_dynamic_ordering,"[0, 2, 3, 4, 5, 1]",72,42,13,21,44,0,13
114,,6,17,pauli_polynomial_dynamic_ordering,"[0, 3, 4, 5, 2, 1]",66,42,11,18,42,0,14
121,,6,17,pauli_polynomial_dynamic_ordering,"[1, 0, 2, 3, 5, 4]",73,42,10,17,41,1,15
178,,6,17,pauli_polynomial_dynamic_ordering,"[4, 0, 2, 1, 5, 3]",70,42,11,12,43,0,16
237,,6,17,pauli_polynomial_dynamic_ordering,"[5, 0, 3, 4, 2, 1]",70,42,11,16,45,1,13
261,,6,17,pauli_polynomial_dynamic_ordering,"[1, 5, 0, 3, 4, 2]",73,42,10,14,44,1,15
359,,6,17,pauli_polynomial_dynamic_ordering,"[5, 4, 0, 3, 2, 1]",62,42,11,16,41,0,15
360,,6,17,pauli_polynomial_dynamic_ordering,"[1, 2, 3, 0, 4, 5]",62,42,11,16,41,0,15
464,,6,17,pauli_polynomial_dynamic_ordering,"[4, 2, 3, 0, 5, 1]",74,42,11,16,41,1,15
482,,6,17,pauli_polynomial_dynamic_ordering,"[1, 2, 4, 3, 0, 5]",74,42,11,16,45,1,13
585,,6,17,pauli_polynomial_dynamic_ordering,"[5, 2, 3, 4, 0, 1]",69,42,9,13,35,1,18
602,,6,17,pauli_polynomial_dynamic_ordering,"[1, 2, 4, 3, 5, 0]",65,42,12,17,44,1,13
605,,6,17,pauli_polynomial_dynamic_ordering,"[1, 2, 5, 4, 3, 0]",70,42,11,18,42,0,14
609,,6,17,pauli_polynomial_dynamic_ordering,"[1, 5, 2, 3, 4, 0]",69,42,10,19,36,0,17
613,,6,17,pauli_polynomial_dynamic_ordering,"[1, 3, 5, 2, 4, 0]",67,42,11,17,40,1,15
617,,6,17,pauli_polynomial_dynamic_ordering,"[1, 5, 4, 2, 3, 0]",69,42,13,21,46,0,12
627,,6,17,pauli_polynomial_dynamic_ordering,"[2, 1, 5, 3, 4, 0]",78,42,10,13,42,0,16
652,,6,17,pauli_polynomial_dynamic_ordering,"[2, 4, 1, 5, 3, 0]",65,42,11,14,46,1,14
667,,6,17,pauli_polynomial_dynamic_ordering,"[3, 5, 1, 4, 2, 0]",74,42,12,16,48,1,13
78,,6,17,pauli_polynomial_dynamic_ordering,"[0, 3, 2, 4, 1, 5]",72,43,12,21,45,1,13
110,,6,17,pauli_polynomial_dynamic_ordering,"[0, 4, 3, 2, 5, 1]",64,43,10,19,36,0,17
214,,6,17,pauli_polynomial_dynamic_ordering,"[4, 0, 5, 3, 1, 2]",74,43,8,9,37,2,19
236,,6,17,pauli_polynomial_dynamic_ordering,"[4, 0, 3, 5, 2, 1]",72,43,9,14,37,0,17
334,,6,17,pauli_polynomial_dynamic_ordering,"[4, 5, 0, 3, 1, 2]",74,43,8,10,41,2,17
604,,6,17,pauli_polynomial_dynamic_ordering,"[1, 2, 4, 5, 3, 0]",66,43,13,18,48,0,11
102,,6,17,pauli_polynomial_dynamic_ordering,"[0, 3, 2, 4, 5, 1]",73,44,13,21,46,0,12
563,,6,17,pauli_polynomial_dynamic_ordering,"[5, 2, 4, 1, 0, 3]",78,44,10,12,43,2,16
641,,6,17,pauli_polynomial_dynamic_ordering,"[5, 1, 4, 2, 3, 0]",75,44,12,21,45,1,13
695,,6,17,pauli_polynomial_dynamic_ordering,"[5, 4, 3, 1, 2, 0]",73,44,12,20,47,1,12
55,,6,17,pauli_polynomial_dynamic_ordering,"[0, 3, 2, 1, 5, 4]",76,45,11,18,43,0,14
61,,6,17,pauli_polynomial_dynamic_ordering,"[0, 3, 5, 1, 2, 4]",72,45,11,16,47,0,12
104,,6,17,pauli_polynomial_dynamic_ordering,"[0, 4, 2, 3, 5, 1]",72,45,12,20,42,0,14
350,,6,17,pauli_polynomial_dynamic_ordering,"[4, 3, 0, 2, 5, 1]",71,45,9,15,41,0,15
615,,6,17,pauli_polynomial_dynamic_ordering,"[1, 5, 3, 2, 4, 0]",76,45,12,20,42,0,14
658,,6,17,pauli_polynomial_dynamic_ordering,"[4, 2, 1, 5, 3, 0]",77,45,11,16,47,0,12
664,,6,17,pauli_polynomial_dynamic_ordering,"[4, 5, 1, 2, 3, 0]",75,45,11,18,43,0,14
369,,6,17,pauli_polynomial_dynamic_ordering,"[1, 5, 2, 0, 3, 4]",78,46,9,15,41,0,15
629,,6,17,pauli_polynomial_dynamic_ordering,"[2, 1, 5, 4, 3, 0]",69,46,10,14,46,0,14
52,,6,17,pauli_polynomial_dynamic_ordering,"[0, 2, 4, 1, 5, 3]",80,47,12,16,48,1,13