,n_rep,num_qubits,n_gadgets,method,mapping,cx,pre-cx,broken_chains,steiner_nodes,steiner_nodesx,steiner_nodesz,I-index,doubles,q-corr
0,,6,37,pauli_polynomial_dynamic_ordering,"[0, 1, 2, 3, 4, 5]",89,67,26,39,25,19,102,5,37
1,,6,37,pauli_polynomial_dynamic_ordering,"[0, 1, 2, 3, 5, 4]",111,75,25,34,20,20,103,4,39
2,,6,37,pauli_polynomial_dynamic_ordering,"[0, 1, 2, 4, 3, 5]",87,65,25,38,23,19,94,5,41
3,,6,37,pauli_polynomial_dynamic_ordering,"[0, 1, 2, 5, 3, 4]",90,60,22,29,14,20,91,6,45
4,,6,37,pauli_polynomial_dynamic_ordering,"[0, 1, 2, 4, 5, 3]",92,66,25,35,17,20,100,4,40
5,,6,37,pauli_polynomial_dynamic_ordering,"[0, 1, 2, 5, 4, 3]",91,62,23,31,13,20,96,6,42
6,,6,37,pauli_polynomial_dynamic_ordering,"[0, 1, 3, 2, 4, 5]",101,72,30,44,28,19,104,1,36
7,,6,37,pauli_polynomial_dynamic_ordering,"[0, 1, 3, 2, 5, 4]",101,75,27,39,23,20,101,2,40
8,,6,37,pauli_polynomial_dynamic_ordering,"[0, 1, 4, 2, 3, 5]",103,79,29,43,25,23,104,2,36
9,,6,37,pauli_polynomial_dynamic_ordering,"[0, 1, 5, 2, 3, 4]",86,64,26,34,14,23,101,4,40
10,,6,37,pauli_polynomial_dynamic_ordering,"[0, 1, 4, 2, 5, 3]",109,76,27,40,19,24,98,3,41
11,,6,37,pauli_polynomial_dynamic_ordering,"[0, 1, 5, 2, 4, 3]",87,65,27,36,13,23,98,4,41
12,,6,37,pauli_polynomial_dynamic_ordering,"[0, 1, 3, 4, 2, 5]",101,70,26,43,28,18,92,3,42
13,,6,37,pauli_polynomial_dynamic_ordering,"[0, 1, 3, 5, 2, 4]",110,73,24,38,20,19,93,2,44
14,,6,37,pauli_polynomial_dynamic_ordering,"[0, 1, 4, 3, 2, 5]",102,71,26,43,27,22,100,4,38
15,,6,37,pauli_polynomial_dynamic_ordering,"[0, 1, 5, 3, 2, 4]",102,75,26,38,17,22,105,2,38
16,,6,37,pauli_polynomial_dynamic_ordering,"[0, 1, 4, 5, 2, 3]",96,70,28,43,18,27,106,3,37
17,,6,37,pauli_polynomial_dynamic_ordering,"[0, 1, 5, 4, 2, 3]",100,70,30,43,16,26,110,2,35
18,,6,37,pauli_polynomial_dynamic_ordering,"[0, 1, 3, 4, 5, 2]",104,76,22,38,23,17,91,4,45
19,,6,37,pauli_polynomial_dynamic_ordering,"[0, 1, 3, 5, 4, 2]",91,63,23,38,20,17,95,2,43
20,,6,37,pauli_polynomial_dynamic_ordering,"[0, 1, 4, 3, 5, 2]",105,77,22,38,22,21,91,5,45
21,,6,37,pauli_polynomial_dynamic_ordering,"[0, 1, 5, 3, 4, 2]",107,72,23,38,17,20,95,4,43
22,,6,37,pauli_polynomial_dynamic_ordering,"[0, 1, 4, 5, 3, 2]",101,80,26,41,19,25,103,3,39
23,,6,37,pauli_polynomial_dynamic_ordering,"[0, 1, 5, 4, 3, 2]",88,69,26,41,17,24,103,4,39
24,,6,37,pauli_polynomial_dynamic_ordering,"[0, 2, 1, 3, 4, 5]",97,73,23,36,21,17,90,6,43
25,,6,37,pauli_polynomial_dynamic_ordering,"[0, 2, 1, 3, 5, 4]",97,69,23,31,16,18,91,5,45
26,,6,37,pauli_polynomial_dynamic_ordering,"[0, 2, 1, 4, 3, 5]",104,78,21,35,19,17,90,7,43
27,,6,37,pauli_polynomial_dynamic_ordering,"[0, 2, 1, 5, 3, 4]",104,74,20,26,10,18,91,7,45
28,,6,37,pauli_polynomial_dynamic_ordering,"[0, 2, 1, 4, 5, 3]",102,71,23,32,13,18,96,6,42
29,,6,37,pauli_polynomial_dynamic_ordering,"[0, 2, 1, 5, 4, 3]",91,63,22,28,9,18,96,7,42
30,,6,37,pauli_polynomial_dynamic_ordering,"[0, 3, 1, 2, 4, 5]",98,71,27,43,25,19,96,3,40
31,,6,37,pauli_polynomial_dynamic_ordering,"[0, 3, 1, 2, 5, 4]",90,68,25,38,20,20,93,4,44
32,,6,37,pauli_polynomial_dynamic_ordering,"[0, 4, 1, 2, 3, 5]",93,67,27,43,23,24,104,4,36
33,,6,37,pauli_polynomial_dynamic_ordering,"[0, 5, 1, 2, 3, 4]",87,62,25,34,11,26,101,6,40
34,,6,37,pauli_polynomial_dynamic_ordering,"[0, 4, 1, 2, 5, 3]",87,63,25,40,17,25,98,5,41
35,,6,37,pauli_polynomial_dynamic_ordering,"[0, 5, 1, 2, 4, 3]",88,63,25,36,10,26,98,6,41
36,,6,37,pauli_polynomial_dynamic_ordering,"[0, 3, 1, 4, 2, 5]",99,75,26,42,25,18,94,2,41
37,,6,37,pauli_polynomial_dynamic_ordering,"[0, 3, 1, 5, 2, 4]",104,74,24,37,17,19,95,2,43
38,,6,37,pauli_polynomial_dynamic_ordering,"[0, 4, 1, 3, 2, 5]",93,67,28,43,25,23,102,2,37
39,,6,37,pauli_polynomial_dynamic_ordering,"[0, 5, 1, 3, 2, 4]",107,73,27,38,14,25,103,2,39
40,,6,37,pauli_polynomial_dynamic_ordering,"[0, 4, 1, 5, 2, 3]",99,75,28,43,16,28,108,3,36
41,,6,37,pauli_polynomial_dynamic_ordering,"[0, 5, 1, 4, 2, 3]",87,59,29,43,13,29,108,3,36
42,,6,37,pauli_polynomial_dynamic_ordering,"[0, 3, 1, 4, 5, 2]",91,68,24,37,20,17,93,3,44
43,,6,37,pauli_polynomial_dynamic_ordering,"[0, 3, 1, 5, 4, 2]",109,77,24,37,17,17,97,2,42
44,,6,37,pauli_polynomial_dynamic_ordering,"[0, 4, 1, 3, 5, 2]",103,75,24,38,20,22,93,3,44
45,,6,37,pauli_polynomial_dynamic_ordering,"[0, 5, 1, 3, 4, 2]",97,70,23,38,14,23,93,4,44
46,,6,37,pauli_polynomial_dynamic_ordering,"[0, 4, 1, 5, 3, 2]",99,77,26,41,17,26,105,3,38
47,,6,37,pauli_polynomial_dynamic_ordering,"[0, 5, 1, 4, 3, 2]",111,82,25,41,14,27,101,5,40
48,,6,37,pauli_polynomial_dynamic_ordering,"[0, 2, 3, 1, 4, 5]",116,86,28,41,22,19,100,3,38
49,,6,37,pauli_polynomial_dynamic_ordering,"[0, 2, 3, 1, 5, 4]",95,65,27,36,17,20,101,3,40
50,,6,37,pauli_polynomial_dynamic_ordering,"[0, 2, 4, 1, 3, 5]",100,74,26,40,20,16,92,3,42
51,,6,37,pauli_polynomial_dynamic_ordering,"[0, 2, 5, 1, 3, 4]",102,68,22,27,8,20,89,5,46
52,,6,37,pauli_polynomial_dynamic_ordering,"[0, 2, 4, 1, 5, 3]",103,72,26,37,14,17,98,4,41
53,,6,37,pauli_polynomial_dynamic_ordering,"[0, 2, 5, 1, 4, 3]",105,74,23,29,7,20,94,6,43
54,,6,37,pauli_polynomial_dynamic_ordering,"[0, 3, 2, 1, 4, 5]",96,65,28,43,23,21,104,4,36
55,,6,37,pauli_polynomial_dynamic_ordering,"[0, 3, 2, 1, 5, 4]",103,72,27,38,18,22,105,4,38
56,,6,37,pauli_polynomial_dynamic_ordering,"[0, 4, 2, 1, 3, 5]",89,67,28,43,22,19,96,3,40
57,,6,37,pauli_polynomial_dynamic_ordering,"[0, 5, 2, 1, 3, 4]",97,64,23,30,9,25,89,6,46
58,,6,37,pauli_polynomial_dynamic_ordering,"[0, 4, 2, 1, 5, 3]",87,63,26,40,16,20,102,4,39
59,,6,37,pauli_polynomial_dynamic_ordering,"[0, 5, 2, 1, 4, 3]",96,72,22,32,8,25,94,7,43
60,,6,37,pauli_polynomial_dynamic_ordering,"[0, 3, 4, 1, 2, 5]",101,72,23,39,23,18,92,6,42
61,,6,37,pauli_polynomial_dynamic_ordering,"[0, 3, 5, 1, 2, 4]",98,70,23,35,13,22,97,4,42
62,,6,37,pauli_polynomial_dynamic_ordering,"[0, 4, 3, 1, 2, 5]",97,74,25,40,24,19,92,5,42
63,,6,37,pauli_polynomial_dynamic_ordering,"[0, 5, 3, 1, 2, 4]",101,69,24,36,13,25,93,4,44
64,,6,37,pauli_polynomial_dynamic_ordering,"[0, 4, 5, 1, 2, 3]",101,71,28,43,15,28,110,4,35
65,,6,37,pauli_polynomial_dynamic_ordering,"[0, 5, 4, 1, 2, 3]",101,67,27,43,14,30,106,5,37
66,,6,37,pauli_polynomial_dynamic_ordering,"[0, 3, 4, 1, 5, 2]",88,65,23,34,18,17,93,5,44
67,,6,37,pauli_polynomial_dynamic_ordering,"[0, 3, 5, 1, 4, 2]",105,73,24,35,13,20,97,3,42
68,,6,37,pauli_polynomial_dynamic_ordering,"[0, 4, 3, 1, 5, 2]",101,67,23,35,19,18,93,4,44
69,,6,37,pauli_polynomial_dynamic_ordering,"[0, 5, 3, 1, 4, 2]",86,63,23,36,13,23,93,3,44
70,,6,37,pauli_polynomial_dynamic_ordering,"[0, 4, 5, 1, 3, 2]",106,77,28,41,16,26,105,2,38
71,,6,37,pauli_polynomial_dynamic_ordering,"[0, 5, 4, 1, 3, 2]",101,70,27,41,15,28,101,3,40
72,,6,37,pauli_polynomial_dynamic_ordering,"[0, 2, 3, 4, 1, 5]",105,71,25,42,23,17,100,5,38
73,,6,37,pauli_polynomial_dynamic_ordering,"[0, 2, 3, 5, 1, 4]",89,66,24,34,14,22,101,4,40
74,,6,37,pauli_polynomial_dynamic_ordering,"[0, 2, 4, 3, 1, 5]",104,70,25,42,23,14,92,4,42
75,,6,37,pauli_polynomial_dynamic_ordering,"[0, 2, 5, 3, 1, 4]",98,66,22,30,11,22,89,4,46
76,,6,37,pauli_polynomial_dynamic_ordering,"[0, 2, 4, 5, 1, 3]",109,75,25,36,14,16,98,3,41
77,,6,37,pauli_polynomial_dynamic_ordering,"[0, 2, 5, 4, 1, 3]",103,72,23,32,11,19,94,4,43
78,,6,37,pauli_polynomial_dynamic_ordering,"[0, 3, 2, 4, 1, 5]",96,72,29,44,24,19,106,2,35
79,,6,37,pauli_polynomial_dynamic_ordering,"[0, 3, 2, 5, 1, 4]",98,74,26,36,15,24,103,3,39
80,,6,37,pauli_polynomial_dynamic_ordering,"[0, 4, 2, 3, 1, 5]",103,76,30,45,25,17,106,1,35
81,,6,37,pauli_polynomial_dynamic_ordering,"[0, 5, 2, 3, 1, 4]",99,67,25,33,12,27,99,3,41
82,,6,37,pauli_polynomial_dynamic_ordering,"[0, 4, 2, 5, 1, 3]",92,69,26,39,16,19,100,2,40
83,,6,37,pauli_polynomial_dynamic_ordering,"[0, 5, 2, 4, 1, 3]",93,74,24,35,12,24,96,3,42
84,,6,37,pauli_polynomial_dynamic_ordering,"[0, 3, 4, 2, 1, 5]",99,75,25,41,24,17,96,5,40
85,,6,37,pauli_polynomial_dynamic_ordering,"[0, 3, 5, 2, 1, 4]",103,74,23,34,13,25,93,5,44
86,,6,37,pauli_polynomial_dynamic_ordering,"[0, 4, 3, 2, 1, 5]",98,74,26,42,25,18,104,5,36
87,,6,37,pauli_polynomial_dynamic_ordering,"[0, 5, 3, 2, 1, 4]",96,65,24,35,13,28,101,5,40
88,,6,37,pauli_polynomial_dynamic_ordering,"[0, 4, 5, 2, 1, 3]",98,73,25,39,16,24,98,4,41
89,,6,37,pauli_polynomial_dynamic_ordering,"[0, 5, 4, 2, 1, 3]",93,69,25,39,15,26,98,4,41
90,,6,37,pauli_polynomial_dynamic_ordering,"[0, 3, 4, 5, 1, 2]",94,67,22,32,16,17,95,6,43
91,,6,37,pauli_polynomial_dynamic_ordering,"[0, 3, 5, 4, 1, 2]",112,79,23,33,14,20,95,5,43
92,,6,37,pauli_polynomial_dynamic_ordering,"[0, 4, 3, 5, 1, 2]",96,63,21,33,17,18,95,6,43
93,,6,37,pauli_polynomial_dynamic_ordering,"[0, 5, 3, 4, 1, 2]",116,76,20,34,14,23,91,7,45
94,,6,37,pauli_polynomial_dynamic_ordering,"[0, 4, 5, 3, 1, 2]",109,77,24,36,17,22,95,4,43
95,,6,37,pauli_polynomial_dynamic_ordering,"[0, 5, 4, 3, 1, 2]",103,78,22,36,16,24,91,6,45
96,,6,37,pauli_polynomial_dynamic_ordering,"[0, 2, 3, 4, 5, 1]",100,72,24,37,22,15,99,5,41
97,,6,37,pauli_polynomial_dynamic_ordering,"[0, 2, 3, 5, 4, 1]",96,68,24,34,18,19,99,4,41
98,,6,37,pauli_polynomial_dynamic_ordering,"[0, 2, 4, 3, 5, 1]",99,71,23,37,22,12,91,5,45
99,,6,37,pauli_polynomial_dynamic_ordering,"[0, 2, 5, 3, 4, 1]",101,69,20,30,15,19,87,6,47
100,,6,37,pauli_polynomial_dynamic_ordering,"[0, 2, 4, 5, 3, 1]",106,74,23,34,19,13,91,3,45
101,,6,37,pauli_polynomial_dynamic_ordering,"[0, 2, 5, 4, 3, 1]",102,75,20,30,16,16,87,5,47
102,,6,37,pauli_polynomial_dynamic_ordering,"[0, 3, 2, 4, 5, 1]",93,67,28,39,23,17,105,2,38
103,,6,37,pauli_polynomial_dynamic_ordering,"[0, 3, 2, 5, 4, 1]",108,78,26,36,19,21,101,3,40
104,,6,37,pauli_polynomial_dynamic_ordering,"[0, 4, 2, 3, 5, 1]",93,61,27,40,24,15,105,2,38
105,,6,37,pauli_polynomial_dynamic_ordering,"[0, 5, 2, 3, 4, 1]",113,78,23,33,16,24,97,5,42
106,,6,37,pauli_polynomial_dynamic_ordering,"[0, 4, 2, 5, 3, 1]",104,76,25,37,21,16,93,2,44
107,,6,37,pauli_polynomial_dynamic_ordering,"[0, 5, 2, 4, 3, 1]",93,63,23,33,17,21,89,4,46
108,,6,37,pauli_polynomial_dynamic_ordering,"[0, 3, 4, 2, 5, 1]",92,66,25,36,23,15,93,4,44
109,,6,37,pauli_polynomial_dynamic_ordering,"[0, 3, 5, 2, 4, 1]",99,72,25,34,17,22,93,3,44
110,,6,37,pauli_polynomial_dynamic_ordering,"[0, 4, 3, 2, 5, 1]",91,65,25,37,24,16,101,4,40
111,,6,37,pauli_polynomial_dynamic_ordering,"[0, 5, 3, 2, 4, 1]",97,66,26,35,17,25,101,3,40
112,,6,37,pauli_polynomial_dynamic_ordering,"[0, 4, 5, 2, 3, 1]",103,78,26,37,21,21,101,2,40
113,,6,37,pauli_polynomial_dynamic_ordering,"[0, 5, 4, 2, 3, 1]",97,71,27,37,20,23,101,2,40
114,,6,37,pauli_polynomial_dynamic_ordering,"[0, 3, 4, 5, 2, 1]",97,67,22,32,20,16,91,6,45
115,,6,37,pauli_polynomial_dynamic_ordering,"[0, 3, 5, 4, 2, 1]",107,73,24,33,18,19,95,4,43
116,,6,37,pauli_polynomial_dynamic_ordering,"[0, 4, 3, 5, 2, 1]",95,70,22,33,21,17,91,6,45
117,,6,37,pauli_polynomial_dynamic_ordering,"[0, 5, 3, 4, 2, 1]",99,69,23,34,18,22,91,6,45
118,,6,37,pauli_polynomial_dynamic_ordering,"[0, 4, 5, 3, 2, 1]",107,76,25,36,21,21,103,4,39
119,,6,37,pauli_polynomial_dynamic_ordering,"[0, 5, 4, 3, 2, 1]",99,73,24,36,20,23,99,6,41
120,,6,37,pauli_polynomial_dynamic_ordering,"[1, 0, 2, 3, 4, 5]",94,68,25,39,28,16,95,4,40
121,,6,37,pauli_polynomial_dynamic_ordering,"[1, 0, 2, 3, 5, 4]",100,70,24,34,23,17,96,3,42
122,,6,37,pauli_polynomial_dynamic_ordering,"[1, 0, 2, 4, 3, 5]",92,64,25,38,26,16,87,4,44
123,,6,37,pauli_polynomial_dynamic_ordering,"[1, 0, 2, 5, 3, 4]",112,71,21,29,17,17,84,5,48
124,,6,37,pauli_polynomial_dynamic_ordering,"[1, 0, 2, 4, 5, 3]",98,63,24,35,20,17,93,3,43
125,,6,37,pauli_polynomial_dynamic_ordering,"[1, 0, 2, 5, 4, 3]",104,72,21,31,16,17,89,5,45
126,,6,37,pauli_polynomial_dynamic_ordering,"[1, 0, 3, 2, 4, 5]",106,80,28,44,31,16,101,1,37
127,,6,37,pauli_polynomial_dynamic_ordering,"[1, 0, 3, 2, 5, 4]",108,75,25,39,26,17,98,2,41
128,,6,37,pauli_polynomial_dynamic_ordering,"[1, 0, 4, 2, 3, 5]",97,69,29,43,28,20,101,1,37
129,,6,37,pauli_polynomial_dynamic_ordering,"[1, 0, 5, 2, 3, 4]",101,76,24,34,17,20,94,4,43
130,,6,37,pauli_polynomial_dynamic_ordering,"[1, 0, 4, 2, 5, 3]",96,73,26,40,22,21,95,2,42
131,,6,37,pauli_polynomial_dynamic_ordering,"[1, 0, 5, 2, 4, 3]",102,77,24,36,16,20,91,4,44
132,,6,37,pauli_polynomial_dynamic_ordering,"[1, 0, 3, 4, 2, 5]",100,74,25,43,31,15,89,3,43
133,,6,37,pauli_polynomial_dynamic_ordering,"[1, 0, 3, 5, 2, 4]",93,68,23,38,23,16,90,2,45
134,,6,37,pauli_polynomial_dynamic_ordering,"[1, 0, 4, 3, 2, 5]",101,75,26,43,30,19,97,3,39
135,,6,37,pauli_polynomial_dynamic_ordering,"[1, 0, 5, 3, 2, 4]",100,71,25,38,20,19,98,2,41
136,,6,37,pauli_polynomial_dynamic_ordering,"[1, 0, 4, 5, 2, 3]",93,67,26,43,21,24,103,2,38
137,,6,37,pauli_polynomial_dynamic_ordering,"[1, 0, 5, 4, 2, 3]",104,72,27,43,19,23,103,2,38
138,,6,37,pauli_polynomial_dynamic_ordering,"[1, 0, 3, 4, 5, 2]",108,83,22,38,26,14,88,4,46
139,,6,37,pauli_polynomial_dynamic_ordering,"[1, 0, 3, 5, 4, 2]",97,69,23,38,23,14,92,2,44
140,,6,37,pauli_polynomial_dynamic_ordering,"[1, 0, 4, 3, 5, 2]",109,84,23,38,25,18,88,4,46
141,,6,37,pauli_polynomial_dynamic_ordering,"[1, 0, 5, 3, 4, 2]",95,72,23,38,20,17,88,4,46
142,,6,37,pauli_polynomial_dynamic_ordering,"[1, 0, 4, 5, 3, 2]",95,68,26,41,22,22,100,2,40
143,,6,37,pauli_polynomial_dynamic_ordering,"[1, 0, 5, 4, 3, 2]",96,72,25,41,20,21,96,4,42
144,,6,37,pauli_polynomial_dynamic_ordering,"[2, 0, 1, 3, 4, 5]",105,80,22,36,20,15,87,4,44
145,,6,37,pauli_polynomial_dynamic_ordering,"[2, 0, 1, 3, 5, 4]",92,65,21,31,15,16,88,3,46
146,,6,37,pauli_polynomial_dynamic_ordering,"[2, 0, 1, 4, 3, 5]",100,68,22,35,18,15,87,5,44
147,,6,37,pauli_polynomial_dynamic_ordering,"[2, 0, 1, 5, 3, 4]",101,70,20,26,9,16,88,5,46
148,,6,37,pauli_polynomial_dynamic_ordering,"[2, 0, 1, 4, 5, 3]",104,69,25,32,12,16,93,4,43
149,,6,37,pauli_polynomial_dynamic_ordering,"[2, 0, 1, 5, 4, 3]",94,68,24,28,8,16,93,5,43
150,,6,37,pauli_polynomial_dynamic_ordering,"[3, 0, 1, 2, 4, 5]",90,64,26,45,23,19,98,3,38
151,,6,37,pauli_polynomial_dynamic_ordering,"[3, 0, 1, 2, 5, 4]",94,71,24,40,18,20,95,4,42
152,,6,37,pauli_polynomial_dynamic_ordering,"[4, 0, 1, 2, 3, 5]",104,71,27,43,22,24,101,3,37
153,,6,37,pauli_polynomial_dynamic_ordering,"[5, 0, 1, 2, 3, 4]",97,72,26,39,15,25,97,5,39
154,,6,37,pauli_polynomial_dynamic_ordering,"[4, 0, 1, 2, 5, 3]",95,68,25,40,16,25,95,4,42
155,,6,37,pauli_polynomial_dynamic_ordering,"[5, 0, 1, 2, 4, 3]",98,73,26,41,14,25,94,5,40
156,,6,37,pauli_polynomial_dynamic_ordering,"[3, 0, 1, 4, 2, 5]",107,77,27,44,23,18,96,2,39
157,,6,37,pauli_polynomial_dynamic_ordering,"[3, 0, 1, 5, 2, 4]",102,67,25,39,15,19,97,2,41
158,,6,37,pauli_polynomial_dynamic_ordering,"[4, 0, 1, 3, 2, 5]",102,76,28,43,24,23,99,1,38
159,,6,37,pauli_polynomial_dynamic_ordering,"[5, 0, 1, 3, 2, 4]",104,72,28,43,18,24,99,1,38
160,,6,37,pauli_polynomial_dynamic_ordering,"[4, 0, 1, 5, 2, 3]",94,69,28,43,15,28,105,2,37
161,,6,37,pauli_polynomial_dynamic_ordering,"[5, 0, 1, 4, 2, 3]",105,71,30,48,17,28,104,2,35
162,,6,37,pauli_polynomial_dynamic_ordering,"[3, 0, 1, 4, 5, 2]",106,79,26,39,18,17,95,3,42
163,,6,37,pauli_polynomial_dynamic_ordering,"[3, 0, 1, 5, 4, 2]",86,62,26,39,15,17,99,2,40
164,,6,37,pauli_polynomial_dynamic_ordering,"[4, 0, 1, 3, 5, 2]",98,72,23,38,19,22,90,2,45
165,,6,37,pauli_polynomial_dynamic_ordering,"[5, 0, 1, 3, 4, 2]",101,73,24,43,18,22,89,3,43
166,,6,37,pauli_polynomial_dynamic_ordering,"[4, 0, 1, 5, 3, 2]",93,67,25,41,16,26,102,2,39
167,,6,37,pauli_polynomial_dynamic_ordering,"[5, 0, 1, 4, 3, 2]",104,73,26,46,18,26,97,4,39
168,,6,37,pauli_polynomial_dynamic_ordering,"[2, 0, 3, 1, 4, 5]",93,65,25,41,21,17,89,3,43
169,,6,37,pauli_polynomial_dynamic_ordering,"[2, 0, 3, 1, 5, 4]",93,69,23,36,16,18,90,3,45
170,,6,37,pauli_polynomial_dynamic_ordering,"[2, 0, 4, 1, 3, 5]",104,75,25,40,19,14,89,3,43
171,,6,37,pauli_polynomial_dynamic_ordering,"[2, 0, 5, 1, 3, 4]",104,79,20,27,7,18,86,5,47
172,,6,37,pauli_polynomial_dynamic_ordering,"[2, 0, 4, 1, 5, 3]",104,76,26,37,13,15,95,4,42
173,,6,37,pauli_polynomial_dynamic_ordering,"[2, 0, 5, 1, 4, 3]",96,67,23,29,6,18,91,6,44
174,,6,37,pauli_polynomial_dynamic_ordering,"[3, 0, 2, 1, 4, 5]",107,78,26,45,21,21,94,5,40
175,,6,37,pauli_polynomial_dynamic_ordering,"[3, 0, 2, 1, 5, 4]",98,70,25,40,16,22,95,5,42
176,,6,37,pauli_polynomial_dynamic_ordering,"[4, 0, 2, 1, 3, 5]",104,71,26,43,21,19,89,4,43
177,,6,37,pauli_polynomial_dynamic_ordering,"[5, 0, 2, 1, 3, 4]",104,76,23,35,13,24,85,6,45
178,,6,37,pauli_polynomial_dynamic_ordering,"[4, 0, 2, 1, 5, 3]",95,68,24,40,15,20,95,5,42
179,,6,37,pauli_polynomial_dynamic_ordering,"[5, 0, 2, 1, 4, 3]",101,70,22,37,12,24,90,7,42
180,,6,37,pauli_polynomial_dynamic_ordering,"[3, 0, 4, 1, 2, 5]",112,80,26,41,21,18,96,4,39
181,,6,37,pauli_polynomial_dynamic_ordering,"[3, 0, 5, 1, 2, 4]",108,72,24,37,11,22,97,4,41
182,,6,37,pauli_polynomial_dynamic_ordering,"[4, 0, 3, 1, 2, 5]",111,81,26,40,23,19,91,3,42
183,,6,37,pauli_polynomial_dynamic_ordering,"[5, 0, 3, 1, 2, 4]",108,78,25,41,17,24,91,3,42
184,,6,37,pauli_polynomial_dynamic_ordering,"[4, 0, 5, 1, 2, 3]",105,74,27,43,14,28,105,4,37
185,,6,37,pauli_polynomial_dynamic_ordering,"[5, 0, 4, 1, 2, 3]",90,67,28,48,18,29,104,4,35
186,,6,37,pauli_polynomial_dynamic_ordering,"[3, 0, 4, 1, 5, 2]",111,77,27,36,16,17,97,3,41
187,,6,37,pauli_polynomial_dynamic_ordering,"[3, 0, 5, 1, 4, 2]",96,70,26,37,11,20,97,3,41
188,,6,37,pauli_polynomial_dynamic_ordering,"[4, 0, 3, 1, 5, 2]",97,74,23,35,18,18,92,2,44
189,,6,37,pauli_polynomial_dynamic_ordering,"[5, 0, 3, 1, 4, 2]",100,69,24,41,17,22,91,2,42
190,,6,37,pauli_polynomial_dynamic_ordering,"[4, 0, 5, 1, 3, 2]",95,70,26,41,15,26,100,2,40
191,,6,37,pauli_polynomial_dynamic_ordering,"[5, 0, 4, 1, 3, 2]",108,83,28,46,19,27,99,2,38
192,,6,37,pauli_polynomial_dynamic_ordering,"[2, 0, 3, 4, 1, 5]",103,75,23,42,22,15,89,5,43
193,,6,37,pauli_polynomial_dynamic_ordering,"[2, 0, 3, 5, 1, 4]",92,68,22,34,13,20,90,4,45
194,,6,37,pauli_polynomial_dynamic_ordering,"[2, 0, 4, 3, 1, 5]",102,74,23,42,22,12,89,4,43
195,,6,37,pauli_polynomial_dynamic_ordering,"[2, 0, 5, 3, 1, 4]",97,68,20,30,10,20,86,4,47
196,,6,37,pauli_polynomial_dynamic_ordering,"[2, 0, 4, 5, 1, 3]",105,73,25,36,13,14,95,3,42
197,,6,37,pauli_polynomial_dynamic_ordering,"[2, 0, 5, 4, 1, 3]",103,80,23,32,10,17,91,4,44
198,,6,37,pauli_polynomial_dynamic_ordering,"[3, 0, 2, 4, 1, 5]",103,74,28,46,22,19,96,3,39
199,,6,37,pauli_polynomial_dynamic_ordering,"[3, 0, 2, 5, 1, 4]",107,75,25,38,13,24,93,4,43
200,,6,37,pauli_polynomial_dynamic_ordering,"[4, 0, 2, 3, 1, 5]",103,77,28,45,24,17,99,2,38
201,,6,37,pauli_polynomial_dynamic_ordering,"[5, 0, 2, 3, 1, 4]",93,67,26,38,16,26,95,3,40
202,,6,37,pauli_polynomial_dynamic_ordering,"[4, 0, 2, 5, 1, 3]",100,72,24,39,15,19,93,3,43
203,,6,37,pauli_polynomial_dynamic_ordering,"[5, 0, 2, 4, 1, 3]",109,79,25,40,16,23,92,3,41
204,,6,37,pauli_polynomial_dynamic_ordering,"[3, 0, 4, 2, 1, 5]",83,63,27,43,22,17,100,3,37
205,,6,37,pauli_polynomial_dynamic_ordering,"[3, 0, 5, 2, 1, 4]",101,73,23,36,11,25,93,5,43
206,,6,37,pauli_polynomial_dynamic_ordering,"[4, 0, 3, 2, 1, 5]",111,81,27,42,24,18,103,3,36
207,,6,37,pauli_polynomial_dynamic_ordering,"[5, 0, 3, 2, 1, 4]",112,79,26,40,17,27,99,4,38
208,,6,37,pauli_polynomial_dynamic_ordering,"[4, 0, 5, 2, 1, 3]",101,75,24,39,15,24,93,4,43
209,,6,37,pauli_polynomial_dynamic_ordering,"[5, 0, 4, 2, 1, 3]",99,65,27,44,19,25,96,3,39
210,,6,37,pauli_polynomial_dynamic_ordering,"[3, 0, 4, 5, 1, 2]",99,69,26,34,14,17,99,4,40
211,,6,37,pauli_polynomial_dynamic_ordering,"[3, 0, 5, 4, 1, 2]",97,69,25,35,12,20,95,5,42
212,,6,37,pauli_polynomial_dynamic_ordering,"[4, 0, 3, 5, 1, 2]",93,67,22,33,16,18,94,4,43
213,,6,37,pauli_polynomial_dynamic_ordering,"[5, 0, 3, 4, 1, 2]",101,70,22,39,18,22,89,6,43
214,,6,37,pauli_polynomial_dynamic_ordering,"[4, 0, 5, 3, 1, 2]",108,75,23,36,16,22,90,4,45
215,,6,37,pauli_polynomial_dynamic_ordering,"[5, 0, 4, 3, 1, 2]",112,77,24,41,20,23,89,5,43
216,,6,37,pauli_polynomial_dynamic_ordering,"[2, 0, 3, 4, 5, 1]",101,76,22,37,21,13,88,5,46
217,,6,37,pauli_polynomial_dynamic_ordering,"[2, 0, 3, 5, 4, 1]",104,74,23,34,17,17,88,4,46
218,,6,37,pauli_polynomial_dynamic_ordering,"[2, 0, 4, 3, 5, 1]",101,75,21,37,21,10,88,5,46
219,,6,37,pauli_polynomial_dynamic_ordering,"[2, 0, 5, 3, 4, 1]",106,72,19,30,14,17,84,6,48
220,,6,37,pauli_polynomial_dynamic_ordering,"[2, 0, 4, 5, 3, 1]",102,68,22,34,18,11,88,3,46
221,,6,37,pauli_polynomial_dynamic_ordering,"[2, 0, 5, 4, 3, 1]",98,71,19,30,15,14,84,5,48
222,,6,37,pauli_polynomial_dynamic_ordering,"[3, 0, 2, 4, 5, 1]",101,76,25,41,21,17,95,3,42
223,,6,37,pauli_polynomial_dynamic_ordering,"[3, 0, 2, 5, 4, 1]",99,75,23,38,17,21,91,4,44
224,,6,37,pauli_polynomial_dynamic_ordering,"[4, 0, 2, 3, 5, 1]",96,73,24,40,23,15,98,3,41
225,,6,37,pauli_polynomial_dynamic_ordering,"[5, 0, 2, 3, 4, 1]",102,75,23,38,20,23,93,5,41
226,,6,37,pauli_polynomial_dynamic_ordering,"[4, 0, 2, 5, 3, 1]",98,72,22,37,20,16,86,3,47
227,,6,37,pauli_polynomial_dynamic_ordering,"[5, 0, 2, 4, 3, 1]",102,75,23,38,21,20,85,4,45
228,,6,37,pauli_polynomial_dynamic_ordering,"[3, 0, 4, 2, 5, 1]",94,68,25,38,21,15,97,2,41
229,,6,37,pauli_polynomial_dynamic_ordering,"[3, 0, 5, 2, 4, 1]",103,69,23,36,15,22,93,3,43
230,,6,37,pauli_polynomial_dynamic_ordering,"[4, 0, 3, 2, 5, 1]",90,66,25,37,23,16,100,2,40
231,,6,37,pauli_polynomial_dynamic_ordering,"[5, 0, 3, 2, 4, 1]",105,75,27,40,21,24,99,2,38
232,,6,37,pauli_polynomial_dynamic_ordering,"[4, 0, 5, 2, 3, 1]",95,71,24,37,20,21,96,2,42
233,,6,37,pauli_polynomial_dynamic_ordering,"[5, 0, 4, 2, 3, 1]",97,73,28,42,24,22,99,1,38
234,,6,37,pauli_polynomial_dynamic_ordering,"[3, 0, 4, 5, 2, 1]",92,66,23,34,18,16,95,4,42
235,,6,37,pauli_polynomial_dynamic_ordering,"[3, 0, 5, 4, 2, 1]",106,78,23,35,16,19,95,4,42
236,,6,37,pauli_polynomial_dynamic_ordering,"[4, 0, 3, 5, 2, 1]",98,71,23,33,20,17,90,4,45
237,,6,37,pauli_polynomial_dynamic_ordering,"[5, 0, 3, 4, 2, 1]",101,74,24,39,22,21,89,5,43
238,,6,37,pauli_polynomial_dynamic_ordering,"[4, 0, 5, 3, 2, 1]",100,67,24,36,20,21,98,4,41
239,,6,37,pauli_polynomial_dynamic_ordering,"[5, 0, 4, 3, 2, 1]",91,70,25,41,24,22,97,5,39
240,,6,37,pauli_polynomial_dynamic_ordering,"[1, 2, 0, 3, 4, 5]",92,71,22,38,26,15,87,6,44
241,,6,37,pauli_polynomial_dynamic_ordering,"[1, 2, 0, 3, 5, 4]",85,61,22,33,21,16,88,5,46
242,,6,37,pauli_polynomial_dynamic_ordering,"[1, 2, 0, 4, 3, 5]",90,65,22,37,24,15,87,6,44
243,,6,37,pauli_polynomial_dynamic_ordering,"[1, 2, 0, 5, 3, 4]",107,73,19,28,15,16,84,7,48
244,,6,37,pauli_polynomial_dynamic_ordering,"[1, 2, 0, 4, 5, 3]",92,65,22,34,18,16,93,5,43
245,,6,37,pauli_polynomial_dynamic_ordering,"[1, 2, 0, 5, 4, 3]",101,70,19,30,14,16,89,7,45
246,,6,37,pauli_polynomial_dynamic_ordering,"[1, 3, 0, 2, 4, 5]",101,70,25,44,29,15,89,2,43
247,,6,37,pauli_polynomial_dynamic_ordering,"[1, 3, 0, 2, 5, 4]",99,72,22,39,24,16,86,3,47
248,,6,37,pauli_polynomial_dynamic_ordering,"[1, 4, 0, 2, 3, 5]",102,72,26,43,25,22,97,3,39
249,,6,37,pauli_polynomial_dynamic_ordering,"[1, 5, 0, 2, 3, 4]",96,69,23,37,18,18,94,5,43
250,,6,37,pauli_polynomial_dynamic_ordering,"[1, 4, 0, 2, 5, 3]",94,68,23,40,19,23,91,4,44
251,,6,37,pauli_polynomial_dynamic_ordering,"[1, 5, 0, 2, 4, 3]",97,70,23,39,17,18,91,5,44
252,,6,37,pauli_polynomial_dynamic_ordering,"[1, 3, 0, 4, 2, 5]",96,74,25,43,29,14,91,1,42
253,,6,37,pauli_polynomial_dynamic_ordering,"[1, 3, 0, 5, 2, 4]",98,74,21,38,21,15,88,2,46
254,,6,37,pauli_polynomial_dynamic_ordering,"[1, 4, 0, 3, 2, 5]",105,80,26,43,27,21,99,2,38
255,,6,37,pauli_polynomial_dynamic_ordering,"[1, 5, 0, 3, 2, 4]",96,64,25,41,21,17,100,2,40
256,,6,37,pauli_polynomial_dynamic_ordering,"[1, 4, 0, 5, 2, 3]",100,73,24,43,18,26,101,3,39
257,,6,37,pauli_polynomial_dynamic_ordering,"[1, 5, 0, 4, 2, 3]",104,68,27,46,20,21,105,2,37
258,,6,37,pauli_polynomial_dynamic_ordering,"[1, 3, 0, 4, 5, 2]",92,67,23,38,24,13,90,2,45
259,,6,37,pauli_polynomial_dynamic_ordering,"[1, 3, 0, 5, 4, 2]",104,74,22,38,21,13,90,2,45
260,,6,37,pauli_polynomial_dynamic_ordering,"[1, 4, 0, 3, 5, 2]",104,78,24,38,22,20,90,3,45
261,,6,37,pauli_polynomial_dynamic_ordering,"[1, 5, 0, 3, 4, 2]",104,78,23,41,21,15,90,4,45
262,,6,37,pauli_polynomial_dynamic_ordering,"[1, 4, 0, 5, 3, 2]",107,72,25,41,19,24,98,3,41
263,,6,37,pauli_polynomial_dynamic_ordering,"[1, 5, 0, 4, 3, 2]",105,79,25,44,21,19,98,4,41
264,,6,37,pauli_polynomial_dynamic_ordering,"[2, 1, 0, 3, 4, 5]",103,70,22,38,22,16,91,5,42
265,,6,37,pauli_polynomial_dynamic_ordering,"[2, 1, 0, 3, 5, 4]",99,67,21,33,17,17,92,4,44
266,,6,37,pauli_polynomial_dynamic_ordering,"[2, 1, 0, 4, 3, 5]",100,73,23,37,20,16,91,5,42
267,,6,37,pauli_polynomial_dynamic_ordering,"[2, 1, 0, 5, 3, 4]",99,71,20,28,11,17,88,6,46
268,,6,37,pauli_polynomial_dynamic_ordering,"[2, 1, 0, 4, 5, 3]",105,74,25,34,14,17,97,4,41
269,,6,37,pauli_polynomial_dynamic_ordering,"[2, 1, 0, 5, 4, 3]",96,74,23,30,10,17,93,6,43
270,,6,37,pauli_polynomial_dynamic_ordering,"[3, 1, 0, 2, 4, 5]",89,72,26,46,24,18,94,2,40
271,,6,37,pauli_polynomial_dynamic_ordering,"[3, 1, 0, 2, 5, 4]",98,75,23,41,19,19,91,3,44
272,,6,37,pauli_polynomial_dynamic_ordering,"[4, 1, 0, 2, 3, 5]",106,73,26,43,21,25,97,3,39
273,,6,37,pauli_polynomial_dynamic_ordering,"[5, 1, 0, 2, 3, 4]",91,64,26,42,19,20,97,4,39
274,,6,37,pauli_polynomial_dynamic_ordering,"[4, 1, 0, 2, 5, 3]",96,72,24,40,15,26,91,4,44
275,,6,37,pauli_polynomial_dynamic_ordering,"[5, 1, 0, 2, 4, 3]",94,65,27,44,18,20,94,4,40
276,,6,37,pauli_polynomial_dynamic_ordering,"[3, 1, 0, 4, 2, 5]",100,74,27,45,24,17,96,1,39
277,,6,37,pauli_polynomial_dynamic_ordering,"[3, 1, 0, 5, 2, 4]",100,77,23,40,16,18,93,2,43
278,,6,37,pauli_polynomial_dynamic_ordering,"[4, 1, 0, 3, 2, 5]",103,76,26,43,23,24,99,2,38
279,,6,37,pauli_polynomial_dynamic_ordering,"[5, 1, 0, 3, 2, 4]",97,73,27,46,22,19,103,1,36
280,,6,37,pauli_polynomial_dynamic_ordering,"[4, 1, 0, 5, 2, 3]",98,68,26,43,14,29,101,3,39
281,,6,37,pauli_polynomial_dynamic_ordering,"[5, 1, 0, 4, 2, 3]",111,81,31,51,21,23,108,1,33
282,,6,37,pauli_polynomial_dynamic_ordering,"[3, 1, 0, 4, 5, 2]",92,69,25,40,19,16,95,2,42
283,,6,37,pauli_polynomial_dynamic_ordering,"[3, 1, 0, 5, 4, 2]",103,74,24,40,16,16,95,2,42
284,,6,37,pauli_polynomial_dynamic_ordering,"[4, 1, 0, 3, 5, 2]",110,76,22,38,18,23,90,3,45
285,,6,37,pauli_polynomial_dynamic_ordering,"[5, 1, 0, 3, 4, 2]",95,69,24,46,22,17,93,3,41
286,,6,37,pauli_polynomial_dynamic_ordering,"[4, 1, 0, 5, 3, 2]",108,76,24,41,15,27,98,3,41
287,,6,37,pauli_polynomial_dynamic_ordering,"[5, 1, 0, 4, 3, 2]",96,70,27,49,22,21,101,3,37
288,,6,37,pauli_polynomial_dynamic_ordering,"[2, 3, 0, 1, 4, 5]",112,77,28,48,22,22,101,2,37
289,,6,37,pauli_polynomial_dynamic_ordering,"[2, 3, 0, 1, 5, 4]",105,71,26,43,17,23,102,2,39
290,,6,37,pauli_polynomial_dynamic_ordering,"[2, 4, 0, 1, 3, 5]",107,76,26,44,20,15,93,1,41
291,,6,37,pauli_polynomial_dynamic_ordering,"[2, 5, 0, 1, 3, 4]",88,61,21,31,11,19,86,4,47
292,,6,37,pauli_polynomial_dynamic_ordering,"[2, 4, 0, 1, 5, 3]",97,68,27,41,14,16,99,2,40
293,,6,37,pauli_polynomial_dynamic_ordering,"[2, 5, 0, 1, 4, 3]",95,65,24,33,10,19,91,5,44
294,,6,37,pauli_polynomial_dynamic_ordering,"[3, 2, 0, 1, 4, 5]",100,70,29,50,21,24,102,3,36
295,,6,37,pauli_polynomial_dynamic_ordering,"[3, 2, 0, 1, 5, 4]",109,70,28,45,16,25,103,3,38
296,,6,37,pauli_polynomial_dynamic_ordering,"[4, 2, 0, 1, 3, 5]",103,72,25,44,20,17,89,2,43
297,,6,37,pauli_polynomial_dynamic_ordering,"[5, 2, 0, 1, 3, 4]",111,76,23,36,16,20,85,4,45
298,,6,37,pauli_polynomial_dynamic_ordering,"[4, 2, 0, 1, 5, 3]",97,71,25,41,14,18,95,3,42
299,,6,37,pauli_polynomial_dynamic_ordering,"[5, 2, 0, 1, 4, 3]",111,77,24,38,15,20,90,5,42
300,,6,37,pauli_polynomial_dynamic_ordering,"[3, 4, 0, 1, 2, 5]",97,64,25,39,18,18,94,5,40
301,,6,37,pauli_polynomial_dynamic_ordering,"[3, 5, 0, 1, 2, 4]",99,71,24,39,12,22,95,4,42
302,,6,37,pauli_polynomial_dynamic_ordering,"[4, 3, 0, 1, 2, 5]",96,63,23,37,19,18,89,5,43
303,,6,37,pauli_polynomial_dynamic_ordering,"[5, 3, 0, 1, 2, 4]",102,78,24,42,18,21,93,3,41
304,,6,37,pauli_polynomial_dynamic_ordering,"[4, 5, 0, 1, 2, 3]",110,75,27,45,16,27,103,4,38
305,,6,37,pauli_polynomial_dynamic_ordering,"[5, 4, 0, 1, 2, 3]",97,68,29,50,21,26,106,3,34
306,,6,37,pauli_polynomial_dynamic_ordering,"[3, 4, 0, 1, 5, 2]",89,67,26,34,13,17,95,4,42
307,,6,37,pauli_polynomial_dynamic_ordering,"[3, 5, 0, 1, 4, 2]",106,77,26,39,12,20,95,3,42
308,,6,37,pauli_polynomial_dynamic_ordering,"[4, 3, 0, 1, 5, 2]",88,66,22,32,14,17,90,4,45
309,,6,37,pauli_polynomial_dynamic_ordering,"[5, 3, 0, 1, 4, 2]",105,76,25,42,18,19,93,2,41
310,,6,37,pauli_polynomial_dynamic_ordering,"[4, 5, 0, 1, 3, 2]",101,70,26,43,17,25,98,2,41
311,,6,37,pauli_polynomial_dynamic_ordering,"[5, 4, 0, 1, 3, 2]",93,67,29,48,22,24,101,1,37
312,,6,37,pauli_polynomial_dynamic_ordering,"[2, 3, 0, 4, 1, 5]",97,71,28,49,23,20,103,2,36
313,,6,37,pauli_polynomial_dynamic_ordering,"[2, 3, 0, 5, 1, 4]",106,75,25,41,14,25,100,3,40
314,,6,37,pauli_polynomial_dynamic_ordering,"[2, 4, 0, 3, 1, 5]",111,81,25,46,23,13,95,1,40
315,,6,37,pauli_polynomial_dynamic_ordering,"[2, 5, 0, 3, 1, 4]",98,69,21,34,14,21,88,3,46
316,,6,37,pauli_polynomial_dynamic_ordering,"[2, 4, 0, 5, 1, 3]",94,73,25,40,14,15,97,2,41
317,,6,37,pauli_polynomial_dynamic_ordering,"[2, 5, 0, 4, 1, 3]",101,68,24,36,14,18,93,3,43
318,,6,37,pauli_polynomial_dynamic_ordering,"[3, 2, 0, 4, 1, 5]",105,73,29,51,22,22,104,3,35
319,,6,37,pauli_polynomial_dynamic_ordering,"[3, 2, 0, 5, 1, 4]",93,77,26,43,13,27,101,4,39
320,,6,37,pauli_polynomial_dynamic_ordering,"[4, 2, 0, 3, 1, 5]",88,68,25,46,23,15,91,2,42
321,,6,37,pauli_polynomial_dynamic_ordering,"[5, 2, 0, 3, 1, 4]",101,74,24,39,19,22,87,3,44
322,,6,37,pauli_polynomial_dynamic_ordering,"[4, 2, 0, 5, 1, 3]",108,76,23,40,14,17,93,3,43
323,,6,37,pauli_polynomial_dynamic_ordering,"[5, 2, 0, 4, 1, 3]",98,72,25,41,19,19,92,3,41
324,,6,37,pauli_polynomial_dynamic_ordering,"[3, 4, 0, 2, 1, 5]",105,79,24,41,19,17,94,6,40
325,,6,37,pauli_polynomial_dynamic_ordering,"[3, 5, 0, 2, 1, 4]",109,74,22,38,12,25,91,6,44
326,,6,37,pauli_polynomial_dynamic_ordering,"[4, 3, 0, 2, 1, 5]",104,78,23,39,20,17,89,6,43
327,,6,37,pauli_polynomial_dynamic_ordering,"[5, 3, 0, 2, 1, 4]",95,69,24,41,18,24,89,5,43
328,,6,37,pauli_polynomial_dynamic_ordering,"[4, 5, 0, 2, 1, 3]",100,76,23,41,17,23,91,5,44
329,,6,37,pauli_polynomial_dynamic_ordering,"[5, 4, 0, 2, 1, 3]",99,80,26,46,22,22,94,4,40
330,,6,37,pauli_polynomial_dynamic_ordering,"[3, 4, 0, 5, 1, 2]",91,67,24,32,11,17,95,6,42
331,,6,37,pauli_polynomial_dynamic_ordering,"[3, 5, 0, 4, 1, 2]",100,65,25,37,13,20,95,5,42
332,,6,37,pauli_polynomial_dynamic_ordering,"[4, 3, 0, 5, 1, 2]",90,66,21,30,12,17,90,6,45
333,,6,37,pauli_polynomial_dynamic_ordering,"[5, 3, 0, 4, 1, 2]",91,68,25,40,19,19,93,4,41
334,,6,37,pauli_polynomial_dynamic_ordering,"[4, 5, 0, 3, 1, 2]",106,75,23,38,18,21,90,4,45
335,,6,37,pauli_polynomial_dynamic_ordering,"[5, 4, 0, 3, 1, 2]",106,73,26,43,23,20,93,3,41
336,,6,37,pauli_polynomial_dynamic_ordering,"[2, 3, 0, 4, 5, 1]",100,71,27,44,22,18,102,2,39
337,,6,37,pauli_polynomial_dynamic_ordering,"[2, 3, 0, 5, 4, 1]",108,76,26,41,18,22,98,3,41
338,,6,37,pauli_polynomial_dynamic_ordering,"[2, 4, 0, 3, 5, 1]",113,76,24,41,22,11,94,2,43
339,,6,37,pauli_polynomial_dynamic_ordering,"[2, 5, 0, 3, 4, 1]",97,74,21,34,18,18,86,5,47
340,,6,37,pauli_polynomial_dynamic_ordering,"[2, 4, 0, 5, 3, 1]",107,75,23,38,19,12,90,2,45
341,,6,37,pauli_polynomial_dynamic_ordering,"[2, 5, 0, 4, 3, 1]",103,72,21,34,19,15,86,4,47
342,,6,37,pauli_polynomial_dynamic_ordering,"[3, 2, 0, 4, 5, 1]",99,75,26,46,21,20,103,3,38
343,,6,37,pauli_polynomial_dynamic_ordering,"[3, 2, 0, 5, 4, 1]",111,80,24,43,17,24,99,4,40
344,,6,37,pauli_polynomial_dynamic_ordering,"[4, 2, 0, 3, 5, 1]",103,73,23,41,22,13,90,3,45
345,,6,37,pauli_polynomial_dynamic_ordering,"[5, 2, 0, 3, 4, 1]",96,72,22,39,23,19,85,5,45
346,,6,37,pauli_polynomial_dynamic_ordering,"[4, 2, 0, 5, 3, 1]",94,69,21,38,19,14,86,3,47
347,,6,37,pauli_polynomial_dynamic_ordering,"[5, 2, 0, 4, 3, 1]",101,71,22,39,24,16,85,4,45
348,,6,37,pauli_polynomial_dynamic_ordering,"[3, 4, 0, 2, 5, 1]",99,73,22,36,18,15,91,5,44
349,,6,37,pauli_polynomial_dynamic_ordering,"[3, 5, 0, 2, 4, 1]",106,77,23,38,16,22,91,4,44
350,,6,37,pauli_polynomial_dynamic_ordering,"[4, 3, 0, 2, 5, 1]",98,72,22,34,19,15,86,5,47
351,,6,37,pauli_polynomial_dynamic_ordering,"[5, 3, 0, 2, 4, 1]",99,70,26,41,22,21,89,3,43
352,,6,37,pauli_polynomial_dynamic_ordering,"[4, 5, 0, 2, 3, 1]",101,76,24,39,22,20,94,3,43
353,,6,37,pauli_polynomial_dynamic_ordering,"[5, 4, 0, 2, 3, 1]",101,72,27,44,27,19,97,2,39
354,,6,37,pauli_polynomial_dynamic_ordering,"[3, 4, 0, 5, 2, 1]",87,60,21,32,15,16,91,6,44
355,,6,37,pauli_polynomial_dynamic_ordering,"[3, 5, 0, 4, 2, 1]",105,71,24,37,17,19,95,4,42
356,,6,37,pauli_polynomial_dynamic_ordering,"[4, 3, 0, 5, 2, 1]",86,59,21,30,16,16,86,6,47
357,,6,37,pauli_polynomial_dynamic_ordering,"[5, 3, 0, 4, 2, 1]",102,75,26,40,23,18,93,3,41
358,,6,37,pauli_polynomial_dynamic_ordering,"[4, 5, 0, 3, 2, 1]",95,70,25,38,22,20,98,4,41
359,,6,37,pauli_polynomial_dynamic_ordering,"[5, 4, 0, 3, 2, 1]",102,72,27,43,27,19,101,3,37
360,,6,37,pauli_polynomial_dynamic_ordering,"[1, 2, 3, 0, 4, 5]",103,76,27,43,27,19,101,3,37
361,,6,37,pauli_polynomial_dynamic_ordering,"[1, 2, 3, 0, 5, 4]",103,72,25,38,22,20,98,4,41
362,,6,37,pauli_polynomial_dynamic_ordering,"[1, 2, 4, 0, 3, 5]",105,70,26,40,23,18,93,3,41
363,,6,37,pauli_polynomial_dynamic_ordering,"[1, 2, 5, 0, 3, 4]",89,63,21,30,16,16,86,6,47
364,,6,37,pauli_polynomial_dynamic_ordering,"[1, 2, 4, 0, 5, 3]",95,70,24,37,17,19,95,4,42
365,,6,37,pauli_polynomial_dynamic_ordering,"[1, 2, 5, 0, 4, 3]",90,64,21,32,15,16,91,6,44
366,,6,37,pauli_polynomial_dynamic_ordering,"[1, 3, 2, 0, 4, 5]",98,72,27,44,27,19,97,2,39
367,,6,37,pauli_polynomial_dynamic_ordering,"[1, 3, 2, 0, 5, 4]",95,74,24,39,22,20,94,3,43
368,,6,37,pauli_polynomial_dynamic_ordering,"[1, 4, 2, 0, 3, 5]",103,74,26,41,22,21,89,3,43
369,,6,37,pauli_polynomial_dynamic_ordering,"[1, 5, 2, 0, 3, 4]",101,65,22,34,19,15,86,5,47
370,,6,37,pauli_polynomial_dynamic_ordering,"[1, 4, 2, 0, 5, 3]",93,70,23,38,16,22,91,4,44
371,,6,37,pauli_polynomial_dynamic_ordering,"[1, 5, 2, 0, 4, 3]",102,66,22,36,18,15,91,5,44
372,,6,37,pauli_polynomial_dynamic_ordering,"[1, 3, 4, 0, 2, 5]",106,78,22,39,24,16,85,4,45
373,,6,37,pauli_polynomial_dynamic_ordering,"[1, 3, 5, 0, 2, 4]",100,74,21,38,19,14,86,3,47
374,,6,37,pauli_polynomial_dynamic_ordering,"[1, 4, 3, 0, 2, 5]",96,69,22,39,23,19,85,5,45
375,,6,37,pauli_polynomial_dynamic_ordering,"[1, 5, 3, 0, 2, 4]",107,74,23,41,22,13,90,3,45
376,,6,37,pauli_polynomial_dynamic_ordering,"[1, 4, 5, 0, 2, 3]",106,78,24,43,17,24,99,4,40
377,,6,37,pauli_polynomial_dynamic_ordering,"[1, 5, 4, 0, 2, 3]",102,77,26,46,21,20,103,3,38
378,,6,37,pauli_polynomial_dynamic_ordering,"[1, 3, 4, 0, 5, 2]",107,77,21,34,19,15,86,4,47
379,,6,37,pauli_polynomial_dynamic_ordering,"[1, 3, 5, 0, 4, 2]",110,78,23,38,19,12,90,2,45
380,,6,37,pauli_polynomial_dynamic_ordering,"[1, 4, 3, 0, 5, 2]",107,85,21,34,18,18,86,5,47
381,,6,37,pauli_polynomial_dynamic_ordering,"[1, 5, 3, 0, 4, 2]",98,75,24,41,22,11,94,2,43
382,,6,37,pauli_polynomial_dynamic_ordering,"[1, 4, 5, 0, 3, 2]",92,68,26,41,18,22,98,3,41
383,,6,37,pauli_polynomial_dynamic_ordering,"[1, 5, 4, 0, 3, 2]",98,68,27,44,22,18,102,2,39
384,,6,37,pauli_polynomial_dynamic_ordering,"[2, 1, 3, 0, 4, 5]",102,79,26,43,23,20,93,3,41
385,,6,37,pauli_polynomial_dynamic_ordering,"[2, 1, 3, 0, 5, 4]",102,69,23,38,18,21,90,4,45
386,,6,37,pauli_polynomial_dynamic_ordering,"[2, 1, 4, 0, 3, 5]",95,70,25,40,19,19,93,4,41
387,,6,37,pauli_polynomial_dynamic_ordering,"[2, 1, 5, 0, 3, 4]",97,67,21,30,12,17,90,6,45
388,,6,37,pauli_polynomial_dynamic_ordering,"[2, 1, 4, 0, 5, 3]",89,68,25,37,13,20,95,5,42
389,,6,37,pauli_polynomial_dynamic_ordering,"[2, 1, 5, 0, 4, 3]",98,68,24,32,11,17,95,6,42
390,,6,37,pauli_polynomial_dynamic_ordering,"[3, 1, 2, 0, 4, 5]",92,75,26,46,22,22,94,4,40
391,,6,37,pauli_polynomial_dynamic_ordering,"[3, 1, 2, 0, 5, 4]",100,71,23,41,17,23,91,5,44
392,,6,37,pauli_polynomial_dynamic_ordering,"[4, 1, 2, 0, 3, 5]",100,72,24,41,18,24,89,5,43
393,,6,37,pauli_polynomial_dynamic_ordering,"[5, 1, 2, 0, 3, 4]",107,79,23,39,20,17,89,6,43
394,,6,37,pauli_polynomial_dynamic_ordering,"[4, 1, 2, 0, 5, 3]",105,75,22,38,12,25,91,6,44
395,,6,37,pauli_polynomial_dynamic_ordering,"[5, 1, 2, 0, 4, 3]",108,80,24,41,19,17,94,6,40
396,,6,37,pauli_polynomial_dynamic_ordering,"[3, 1, 4, 0, 2, 5]",101,75,25,41,19,19,92,3,41
397,,6,37,pauli_polynomial_dynamic_ordering,"[3, 1, 5, 0, 2, 4]",97,71,23,40,14,17,93,3,43
398,,6,37,pauli_polynomial_dynamic_ordering,"[4, 1, 3, 0, 2, 5]",96,72,24,39,19,22,87,3,44
399,,6,37,pauli_polynomial_dynamic_ordering,"[5, 1, 3, 0, 2, 4]",101,68,25,46,23,15,91,2,42
400,,6,37,pauli_polynomial_dynamic_ordering,"[4, 1, 5, 0, 2, 3]",112,78,26,43,13,27,101,4,39
401,,6,37,pauli_polynomial_dynamic_ordering,"[5, 1, 4, 0, 2, 3]",101,73,29,51,22,22,104,3,35
402,,6,37,pauli_polynomial_dynamic_ordering,"[3, 1, 4, 0, 5, 2]",99,71,24,36,14,18,93,3,43
403,,6,37,pauli_polynomial_dynamic_ordering,"[3, 1, 5, 0, 4, 2]",111,78,25,40,14,15,97,2,41
404,,6,37,pauli_polynomial_dynamic_ordering,"[4, 1, 3, 0, 5, 2]",99,70,21,34,14,21,88,3,46
405,,6,37,pauli_polynomial_dynamic_ordering,"[5, 1, 3, 0, 4, 2]",104,72,25,46,23,13,95,1,40
406,,6,37,pauli_polynomial_dynamic_ordering,"[4, 1, 5, 0, 3, 2]",98,74,25,41,14,25,100,3,40
407,,6,37,pauli_polynomial_dynamic_ordering,"[5, 1, 4, 0, 3, 2]",100,74,28,49,23,20,103,2,36
408,,6,37,pauli_polynomial_dynamic_ordering,"[2, 3, 1, 0, 4, 5]",98,70,29,48,22,24,101,1,37
409,,6,37,pauli_polynomial_dynamic_ordering,"[2, 3, 1, 0, 5, 4]",99,75,26,43,17,25,98,2,41
410,,6,37,pauli_polynomial_dynamic_ordering,"[2, 4, 1, 0, 3, 5]",108,77,25,42,18,19,93,2,41
411,,6,37,pauli_polynomial_dynamic_ordering,"[2, 5, 1, 0, 3, 4]",100,65,22,32,14,17,90,4,45
412,,6,37,pauli_polynomial_dynamic_ordering,"[2, 4, 1, 0, 5, 3]",108,84,26,39,12,20,95,3,42
413,,6,37,pauli_polynomial_dynamic_ordering,"[2, 5, 1, 0, 4, 3]",101,66,26,34,13,17,95,4,42
414,,6,37,pauli_polynomial_dynamic_ordering,"[3, 2, 1, 0, 4, 5]",102,72,29,50,21,26,106,3,34
415,,6,37,pauli_polynomial_dynamic_ordering,"[3, 2, 1, 0, 5, 4]",105,73,27,45,16,27,103,4,38
416,,6,37,pauli_polynomial_dynamic_ordering,"[4, 2, 1, 0, 3, 5]",88,67,24,42,18,21,93,3,41
417,,6,37,pauli_polynomial_dynamic_ordering,"[5, 2, 1, 0, 3, 4]",96,63,23,37,19,18,89,5,43
418,,6,37,pauli_polynomial_dynamic_ordering,"[4, 2, 1, 0, 5, 3]",102,73,24,39,12,22,95,4,42
419,,6,37,pauli_polynomial_dynamic_ordering,"[5, 2, 1, 0, 4, 3]",97,64,25,39,18,18,94,5,40
420,,6,37,pauli_polynomial_dynamic_ordering,"[3, 4, 1, 0, 2, 5]",109,80,24,38,15,20,90,5,42
421,,6,37,pauli_polynomial_dynamic_ordering,"[3, 5, 1, 0, 2, 4]",100,76,25,41,14,18,95,3,42
422,,6,37,pauli_polynomial_dynamic_ordering,"[4, 3, 1, 0, 2, 5]",98,69,23,36,16,20,85,4,45
423,,6,37,pauli_polynomial_dynamic_ordering,"[5, 3, 1, 0, 2, 4]",104,71,25,44,20,17,89,2,43
424,,6,37,pauli_polynomial_dynamic_ordering,"[4, 5, 1, 0, 2, 3]",101,72,28,45,16,25,103,3,38
425,,6,37,pauli_polynomial_dynamic_ordering,"[5, 4, 1, 0, 2, 3]",94,69,29,50,21,24,102,3,36
426,,6,37,pauli_polynomial_dynamic_ordering,"[3, 4, 1, 0, 5, 2]",100,68,24,33,10,19,91,5,44
427,,6,37,pauli_polynomial_dynamic_ordering,"[3, 5, 1, 0, 4, 2]",92,62,27,41,14,16,99,2,40
428,,6,37,pauli_polynomial_dynamic_ordering,"[4, 3, 1, 0, 5, 2]",99,70,21,31,11,19,86,4,47
429,,6,37,pauli_polynomial_dynamic_ordering,"[5, 3, 1, 0, 4, 2]",93,70,26,44,20,15,93,1,41
430,,6,37,pauli_polynomial_dynamic_ordering,"[4, 5, 1, 0, 3, 2]",103,73,26,43,17,23,102,2,39
431,,6,37,pauli_polynomial_dynamic_ordering,"[5, 4, 1, 0, 3, 2]",113,78,28,48,22,22,101,2,37
432,,6,37,pauli_polynomial_dynamic_ordering,"[2, 3, 4, 0, 1, 5]",106,76,27,49,22,21,101,3,37
433,,6,37,pauli_polynomial_dynamic_ordering,"[2, 3, 5, 0, 1, 4]",100,80,24,41,15,27,98,3,41
434,,6,37,pauli_polynomial_dynamic_ordering,"[2, 4, 3, 0, 1, 5]",107,75,24,46,22,17,93,3,41
435,,6,37,pauli_polynomial_dynamic_ordering,"[2, 5, 3, 0, 1, 4]",100,73,22,38,18,23,90,3,45
436,,6,37,pauli_polynomial_dynamic_ordering,"[2, 4, 5, 0, 1, 3]",101,74,24,40,16,16,95,2,42
437,,6,37,pauli_polynomial_dynamic_ordering,"[2, 5, 4, 0, 1, 3]",101,73,25,40,19,16,95,2,42
438,,6,37,pauli_polynomial_dynamic_ordering,"[3, 2, 4, 0, 1, 5]",90,65,31,51,21,23,108,1,33
439,,6,37,pauli_polynomial_dynamic_ordering,"[3, 2, 5, 0, 1, 4]",117,78,26,43,14,29,101,3,39
440,,6,37,pauli_polynomial_dynamic_ordering,"[4, 2, 3, 0, 1, 5]",102,70,27,46,22,19,103,1,36
441,,6,37,pauli_polynomial_dynamic_ordering,"[5, 2, 3, 0, 1, 4]",105,69,26,43,23,24,99,2,38
442,,6,37,pauli_polynomial_dynamic_ordering,"[4, 2, 5, 0, 1, 3]",105,78,23,40,16,18,93,2,43
443,,6,37,pauli_polynomial_dynamic_ordering,"[5, 2, 4, 0, 1, 3]",101,75,27,45,24,17,96,1,39
444,,6,37,pauli_polynomial_dynamic_ordering,"[3, 4, 2, 0, 1, 5]",94,66,27,44,18,20,94,4,40
445,,6,37,pauli_polynomial_dynamic_ordering,"[3, 5, 2, 0, 1, 4]",106,76,24,40,15,26,91,4,44
446,,6,37,pauli_polynomial_dynamic_ordering,"[4, 3, 2, 0, 1, 5]",93,65,26,42,19,20,97,4,39
447,,6,37,pauli_polynomial_dynamic_ordering,"[5, 3, 2, 0, 1, 4]",101,74,26,43,21,25,97,3,39
448,,6,37,pauli_polynomial_dynamic_ordering,"[4, 5, 2, 0, 1, 3]",100,71,23,41,19,19,91,3,44
449,,6,37,pauli_polynomial_dynamic_ordering,"[5, 4, 2, 0, 1, 3]",106,77,26,46,24,18,94,2,40
450,,6,37,pauli_polynomial_dynamic_ordering,"[3, 4, 5, 0, 1, 2]",87,61,23,30,10,17,93,6,43
451,,6,37,pauli_polynomial_dynamic_ordering,"[3, 5, 4, 0, 1, 2]",109,77,25,34,14,17,97,4,41
452,,6,37,pauli_polynomial_dynamic_ordering,"[4, 3, 5, 0, 1, 2]",101,67,20,28,11,17,88,6,46
453,,6,37,pauli_polynomial_dynamic_ordering,"[5, 3, 4, 0, 1, 2]",99,71,23,37,20,16,91,5,42
454,,6,37,pauli_polynomial_dynamic_ordering,"[4, 5, 3, 0, 1, 2]",91,67,21,33,17,17,92,4,44
455,,6,37,pauli_polynomial_dynamic_ordering,"[5, 4, 3, 0, 1, 2]",99,69,22,38,22,16,91,5,42
456,,6,37,pauli_polynomial_dynamic_ordering,"[2, 3, 4, 0, 5, 1]",107,75,25,44,21,19,98,4,41
457,,6,37,pauli_polynomial_dynamic_ordering,"[2, 3, 5, 0, 4, 1]",109,75,25,41,19,24,98,3,41
458,,6,37,pauli_polynomial_dynamic_ordering,"[2, 4, 3, 0, 5, 1]",104,74,23,41,21,15,90,4,45
459,,6,37,pauli_polynomial_dynamic_ordering,"[2, 5, 3, 0, 4, 1]",102,69,24,38,22,20,90,3,45
460,,6,37,pauli_polynomial_dynamic_ordering,"[2, 4, 5, 0, 3, 1]",94,69,22,38,21,13,90,2,45
461,,6,37,pauli_polynomial_dynamic_ordering,"[2, 5, 4, 0, 3, 1]",111,77,23,38,24,13,90,2,45
462,,6,37,pauli_polynomial_dynamic_ordering,"[3, 2, 4, 0, 5, 1]",103,73,27,46,20,21,105,2,37
463,,6,37,pauli_polynomial_dynamic_ordering,"[3, 2, 5, 0, 4, 1]",105,74,24,43,18,26,101,3,39
464,,6,37,pauli_polynomial_dynamic_ordering,"[4, 2, 3, 0, 5, 1]",105,71,25,41,21,17,100,2,40
465,,6,37,pauli_polynomial_dynamic_ordering,"[5, 2, 3, 0, 4, 1]",102,69,26,43,27,21,99,2,38
466,,6,37,pauli_polynomial_dynamic_ordering,"[4, 2, 5, 0, 3, 1]",102,68,21,38,21,15,88,2,46
467,,6,37,pauli_polynomial_dynamic_ordering,"[5, 2, 4, 0, 3, 1]",99,74,25,43,29,14,91,1,42
468,,6,37,pauli_polynomial_dynamic_ordering,"[3, 4, 2, 0, 5, 1]",92,69,23,39,17,18,91,5,44
469,,6,37,pauli_polynomial_dynamic_ordering,"[3, 5, 2, 0, 4, 1]",105,78,23,40,19,23,91,4,44
470,,6,37,pauli_polynomial_dynamic_ordering,"[4, 3, 2, 0, 5, 1]",91,68,23,37,18,18,94,5,43
471,,6,37,pauli_polynomial_dynamic_ordering,"[5, 3, 2, 0, 4, 1]",109,71,26,43,25,22,97,3,39
472,,6,37,pauli_polynomial_dynamic_ordering,"[4, 5, 2, 0, 3, 1]",98,66,22,39,24,16,86,3,47
473,,6,37,pauli_polynomial_dynamic_ordering,"[5, 4, 2, 0, 3, 1]",107,77,25,44,29,15,89,2,43
474,,6,37,pauli_polynomial_dynamic_ordering,"[3, 4, 5, 0, 2, 1]",91,65,19,30,14,16,89,7,45
475,,6,37,pauli_polynomial_dynamic_ordering,"[3, 5, 4, 0, 2, 1]",101,70,22,34,18,16,93,5,43
476,,6,37,pauli_polynomial_dynamic_ordering,"[4, 3, 5, 0, 2, 1]",100,68,19,28,15,16,84,7,48
477,,6,37,pauli_polynomial_dynamic_ordering,"[5, 3, 4, 0, 2, 1]",105,71,22,37,24,15,87,6,44
478,,6,37,pauli_polynomial_dynamic_ordering,"[4, 5, 3, 0, 2, 1]",100,67,22,33,21,16,88,5,46
479,,6,37,pauli_polynomial_dynamic_ordering,"[5, 4, 3, 0, 2, 1]",94,65,22,38,26,15,87,6,44
480,,6,37,pauli_polynomial_dynamic_ordering,"[1, 2, 3, 4, 0, 5]",99,73,25,41,24,22,97,5,39
481,,6,37,pauli_polynomial_dynamic_ordering,"[1, 2, 3, 5, 0, 4]",101,69,24,36,20,21,98,4,41
482,,6,37,pauli_polynomial_dynamic_ordering,"[1, 2, 4, 3, 0, 5]",98,72,24,39,22,21,89,5,43
483,,6,37,pauli_polynomial_dynamic_ordering,"[1, 2, 5, 3, 0, 4]",95,64,23,33,20,17,90,4,45
484,,6,37,pauli_polynomial_dynamic_ordering,"[1, 2, 4, 5, 0, 3]",102,71,23,35,16,19,95,4,42
485,,6,37,pauli_polynomial_dynamic_ordering,"[1, 2, 5, 4, 0, 3]",100,70,23,34,18,16,95,4,42
486,,6,37,pauli_polynomial_dynamic_ordering,"[1, 3, 2, 4, 0, 5]",90,65,28,42,24,22,99,1,38
487,,6,37,pauli_polynomial_dynamic_ordering,"[1, 3, 2, 5, 0, 4]",82,62,24,37,20,21,96,2,42
488,,6,37,pauli_polynomial_dynamic_ordering,"[1, 4, 2, 3, 0, 5]",96,69,27,40,21,24,99,2,38
489,,6,37,pauli_polynomial_dynamic_ordering,"[1, 5, 2, 3, 0, 4]",93,66,25,37,23,16,100,2,40
490,,6,37,pauli_polynomial_dynamic_ordering,"[1, 4, 2, 5, 0, 3]",103,73,23,36,15,22,93,3,43
491,,6,37,pauli_polynomial_dynamic_ordering,"[1, 5, 2, 4, 0, 3]",106,76,25,38,21,15,97,2,41
492,,6,37,pauli_polynomial_dynamic_ordering,"[1, 3, 4, 2, 0, 5]",106,73,23,38,21,20,85,4,45
493,,6,37,pauli_polynomial_dynamic_ordering,"[1, 3, 5, 2, 0, 4]",100,77,22,37,20,16,86,3,47
494,,6,37,pauli_polynomial_dynamic_ordering,"[1, 4, 3, 2, 0, 5]",103,72,23,38,20,23,93,5,41
495,,6,37,pauli_polynomial_dynamic_ordering,"[1, 5, 3, 2, 0, 4]",96,67,24,40,23,15,98,3,41
496,,6,37,pauli_polynomial_dynamic_ordering,"[1, 4, 5, 2, 0, 3]",109,74,23,38,17,21,91,4,44
497,,6,37,pauli_polynomial_dynamic_ordering,"[1, 5, 4, 2, 0, 3]",111,75,25,41,21,17,95,3,42
498,,6,37,pauli_polynomial_dynamic_ordering,"[1, 3, 4, 5, 0, 2]",95,69,19,30,15,14,84,5,48
499,,6,37,pauli_polynomial_dynamic_ordering,"[1, 3, 5, 4, 0, 2]",99,73,22,34,18,11,88,3,46
500,,6,37,pauli_polynomial_dynamic_ordering,"[1, 4, 3, 5, 0, 2]",103,74,19,30,14,17,84,6,48
501,,6,37,pauli_polynomial_dynamic_ordering,"[1, 5, 3, 4, 0, 2]",97,67,21,37,21,10,88,5,46
502,,6,37,pauli_polynomial_dynamic_ordering,"[1, 4, 5, 3, 0, 2]",102,77,23,34,17,17,88,4,46
503,,6,37,pauli_polynomial_dynamic_ordering,"[1, 5, 4, 3, 0, 2]",98,68,22,37,21,13,88,5,46
504,,6,37,pauli_polynomial_dynamic_ordering,"[2, 1, 3, 4, 0, 5]",107,76,24,41,20,23,89,5,43
505,,6,37,pauli_polynomial_dynamic_ordering,"[2, 1, 3, 5, 0, 4]",101,66,23,36,16,22,90,4,45
506,,6,37,pauli_polynomial_dynamic_ordering,"[2, 1, 4, 3, 0, 5]",98,70,22,39,18,22,89,6,43
507,,6,37,pauli_polynomial_dynamic_ordering,"[2, 1, 5, 3, 0, 4]",99,65,22,33,16,18,94,4,43
508,,6,37,pauli_polynomial_dynamic_ordering,"[2, 1, 4, 5, 0, 3]",102,73,25,35,12,20,95,5,42
509,,6,37,pauli_polynomial_dynamic_ordering,"[2, 1, 5, 4, 0, 3]",100,73,26,34,14,17,99,4,40
510,,6,37,pauli_polynomial_dynamic_ordering,"[3, 1, 2, 4, 0, 5]",98,68,27,44,19,25,96,3,39
511,,6,37,pauli_polynomial_dynamic_ordering,"[3, 1, 2, 5, 0, 4]",104,78,24,39,15,24,93,4,43
512,,6,37,pauli_polynomial_dynamic_ordering,"[4, 1, 2, 3, 0, 5]",112,82,26,40,17,27,99,4,38
513,,6,37,pauli_polynomial_dynamic_ordering,"[5, 1, 2, 3, 0, 4]",107,81,27,42,24,18,103,3,36
514,,6,37,pauli_polynomial_dynamic_ordering,"[4, 1, 2, 5, 0, 3]",109,73,23,36,11,25,93,5,43
515,,6,37,pauli_polynomial_dynamic_ordering,"[5, 1, 2, 4, 0, 3]",101,66,27,43,22,17,100,3,37
516,,6,37,pauli_polynomial_dynamic_ordering,"[3, 1, 4, 2, 0, 5]",98,75,25,40,16,23,92,3,41
517,,6,37,pauli_polynomial_dynamic_ordering,"[3, 1, 5, 2, 0, 4]",96,69,24,39,15,19,93,3,43
518,,6,37,pauli_polynomial_dynamic_ordering,"[4, 1, 3, 2, 0, 5]",98,68,26,38,16,26,95,3,40
519,,6,37,pauli_polynomial_dynamic_ordering,"[5, 1, 3, 2, 0, 4]",92,70,28,45,24,17,99,2,38
520,,6,37,pauli_polynomial_dynamic_ordering,"[4, 1, 5, 2, 0, 3]",103,76,25,38,13,24,93,4,43
521,,6,37,pauli_polynomial_dynamic_ordering,"[5, 1, 4, 2, 0, 3]",98,69,28,46,22,19,96,3,39
522,,6,37,pauli_polynomial_dynamic_ordering,"[3, 1, 4, 5, 0, 2]",99,70,23,32,10,17,91,4,44
523,,6,37,pauli_polynomial_dynamic_ordering,"[3, 1, 5, 4, 0, 2]",108,79,25,36,13,14,95,3,42
524,,6,37,pauli_polynomial_dynamic_ordering,"[4, 1, 3, 5, 0, 2]",104,75,20,30,10,20,86,4,47
525,,6,37,pauli_polynomial_dynamic_ordering,"[5, 1, 3, 4, 0, 2]",99,70,23,42,22,12,89,4,43
526,,6,37,pauli_polynomial_dynamic_ordering,"[4, 1, 5, 3, 0, 2]",96,64,22,34,13,20,90,4,45
527,,6,37,pauli_polynomial_dynamic_ordering,"[5, 1, 4, 3, 0, 2]",101,71,23,42,22,15,89,5,43
528,,6,37,pauli_polynomial_dynamic_ordering,"[2, 3, 1, 4, 0, 5]",104,73,28,46,19,27,99,2,38
529,,6,37,pauli_polynomial_dynamic_ordering,"[2, 3, 1, 5, 0, 4]",98,70,26,41,15,26,100,2,40
530,,6,37,pauli_polynomial_dynamic_ordering,"[2, 4, 1, 3, 0, 5]",109,77,24,41,17,22,91,2,42
531,,6,37,pauli_polynomial_dynamic_ordering,"[2, 5, 1, 3, 0, 4]",97,69,23,35,18,18,92,2,44
532,,6,37,pauli_polynomial_dynamic_ordering,"[2, 4, 1, 5, 0, 3]",105,74,26,37,11,20,97,3,41
533,,6,37,pauli_polynomial_dynamic_ordering,"[2, 5, 1, 4, 0, 3]",100,72,27,36,16,17,97,3,41
534,,6,37,pauli_polynomial_dynamic_ordering,"[3, 2, 1, 4, 0, 5]",89,66,28,48,18,29,104,4,35
535,,6,37,pauli_polynomial_dynamic_ordering,"[3, 2, 1, 5, 0, 4]",106,73,27,43,14,28,105,4,37
536,,6,37,pauli_polynomial_dynamic_ordering,"[4, 2, 1, 3, 0, 5]",89,68,25,41,17,24,91,3,42
537,,6,37,pauli_polynomial_dynamic_ordering,"[5, 2, 1, 3, 0, 4]",107,81,26,40,23,19,91,3,42
538,,6,37,pauli_polynomial_dynamic_ordering,"[4, 2, 1, 5, 0, 3]",115,84,24,37,11,22,97,4,41
539,,6,37,pauli_polynomial_dynamic_ordering,"[5, 2, 1, 4, 0, 3]",106,74,26,41,21,18,96,4,39
540,,6,37,pauli_polynomial_dynamic_ordering,"[3, 4, 1, 2, 0, 5]",102,72,22,37,12,24,90,7,42
541,,6,37,pauli_polynomial_dynamic_ordering,"[3, 5, 1, 2, 0, 4]",96,65,24,40,15,20,95,5,42
542,,6,37,pauli_polynomial_dynamic_ordering,"[4, 3, 1, 2, 0, 5]",102,68,23,35,13,24,85,6,45
543,,6,37,pauli_polynomial_dynamic_ordering,"[5, 3, 1, 2, 0, 4]",100,68,26,43,21,19,89,4,43
544,,6,37,pauli_polynomial_dynamic_ordering,"[4, 5, 1, 2, 0, 3]",107,72,25,40,16,22,95,5,42
545,,6,37,pauli_polynomial_dynamic_ordering,"[5, 4, 1, 2, 0, 3]",104,75,26,45,21,21,94,5,40
546,,6,37,pauli_polynomial_dynamic_ordering,"[3, 4, 1, 5, 0, 2]",95,67,23,29,6,18,91,6,44
547,,6,37,pauli_polynomial_dynamic_ordering,"[3, 5, 1, 4, 0, 2]",107,74,26,37,13,15,95,4,42
548,,6,37,pauli_polynomial_dynamic_ordering,"[4, 3, 1, 5, 0, 2]",97,69,20,27,7,18,86,5,47
549,,6,37,pauli_polynomial_dynamic_ordering,"[5, 3, 1, 4, 0, 2]",106,73,25,40,19,14,89,3,43
550,,6,37,pauli_polynomial_dynamic_ordering,"[4, 5, 1, 3, 0, 2]",87,68,23,36,16,18,90,3,45
551,,6,37,pauli_polynomial_dynamic_ordering,"[5, 4, 1, 3, 0, 2]",89,65,25,41,21,17,89,3,43
552,,6,37,pauli_polynomial_dynamic_ordering,"[2, 3, 4, 1, 0, 5]",98,71,26,46,18,26,97,4,39
553,,6,37,pauli_polynomial_dynamic_ordering,"[2, 3, 5, 1, 0, 4]",101,73,25,41,16,26,102,2,39
554,,6,37,pauli_polynomial_dynamic_ordering,"[2, 4, 3, 1, 0, 5]",99,70,24,43,18,22,89,3,43
555,,6,37,pauli_polynomial_dynamic_ordering,"[2, 5, 3, 1, 0, 4]",91,61,23,38,19,22,90,2,45
556,,6,37,pauli_polynomial_dynamic_ordering,"[2, 4, 5, 1, 0, 3]",111,82,26,39,15,17,99,2,40
557,,6,37,pauli_polynomial_dynamic_ordering,"[2, 5, 4, 1, 0, 3]",111,78,26,39,18,17,95,3,42
558,,6,37,pauli_polynomial_dynamic_ordering,"[3, 2, 4, 1, 0, 5]",109,77,30,48,17,28,104,2,35
559,,6,37,pauli_polynomial_dynamic_ordering,"[3, 2, 5, 1, 0, 4]",94,67,28,43,15,28,105,2,37
560,,6,37,pauli_polynomial_dynamic_ordering,"[4, 2, 3, 1, 0, 5]",107,77,28,43,18,24,99,1,38
561,,6,37,pauli_polynomial_dynamic_ordering,"[5, 2, 3, 1, 0, 4]",94,65,28,43,24,23,99,1,38
562,,6,37,pauli_polynomial_dynamic_ordering,"[4, 2, 5, 1, 0, 3]",96,68,25,39,15,19,97,2,41
563,,6,37,pauli_polynomial_dynamic_ordering,"[5, 2, 4, 1, 0, 3]",110,77,27,44,23,18,96,2,39
564,,6,37,pauli_polynomial_dynamic_ordering,"[3, 4, 2, 1, 0, 5]",101,77,26,41,14,25,94,5,40
565,,6,37,pauli_polynomial_dynamic_ordering,"[3, 5, 2, 1, 0, 4]",96,65,25,40,16,25,95,4,42
566,,6,37,pauli_polynomial_dynamic_ordering,"[4, 3, 2, 1, 0, 5]",100,76,26,39,15,25,97,5,39
567,,6,37,pauli_polynomial_dynamic_ordering,"[5, 3, 2, 1, 0, 4]",100,68,27,43,22,24,101,3,37
568,,6,37,pauli_polynomial_dynamic_ordering,"[4, 5, 2, 1, 0, 3]",92,67,24,40,18,20,95,4,42
569,,6,37,pauli_polynomial_dynamic_ordering,"[5, 4, 2, 1, 0, 3]",92,67,26,45,23,19,98,3,38
570,,6,37,pauli_polynomial_dynamic_ordering,"[3, 4, 5, 1, 0, 2]",97,67,24,28,8,16,93,5,43
571,,6,37,pauli_polynomial_dynamic_ordering,"[3, 5, 4, 1, 0, 2]",100,70,25,32,12,16,93,4,43
572,,6,37,pauli_polynomial_dynamic_ordering,"[4, 3, 5, 1, 0, 2]",92,66,20,26,9,16,88,5,46
573,,6,37,pauli_polynomial_dynamic_ordering,"[5, 3, 4, 1, 0, 2]",95,63,22,35,18,15,87,5,44
574,,6,37,pauli_polynomial_dynamic_ordering,"[4, 5, 3, 1, 0, 2]",93,66,21,31,15,16,88,3,46
575,,6,37,pauli_polynomial_dynamic_ordering,"[5, 4, 3, 1, 0, 2]",105,76,22,36,20,15,87,4,44
576,,6,37,pauli_polynomial_dynamic_ordering,"[2, 3, 4, 5, 0, 1]",95,71,25,41,20,21,96,4,42
577,,6,37,pauli_polynomial_dynamic_ordering,"[2, 3, 5, 4, 0, 1]",104,71,26,41,22,22,100,2,40
578,,6,37,pauli_polynomial_dynamic_ordering,"[2, 4, 3, 5, 0, 1]",110,79,23,38,20,17,88,4,46
579,,6,37,pauli_polynomial_dynamic_ordering,"[2, 5, 3, 4, 0, 1]",104,79,23,38,25,18,88,4,46
580,,6,37,pauli_polynomial_dynamic_ordering,"[2, 4, 5, 3, 0, 1]",106,70,23,38,23,14,92,2,44
581,,6,37,pauli_polynomial_dynamic_ordering,"[2, 5, 4, 3, 0, 1]",103,78,22,38,26,14,88,4,46
582,,6,37,pauli_polynomial_dynamic_ordering,"[3, 2, 4, 5, 0, 1]",98,75,27,43,19,23,103,2,38
583,,6,37,pauli_polynomial_dynamic_ordering,"[3, 2, 5, 4, 0, 1]",99,69,26,43,21,24,103,2,38
584,,6,37,pauli_polynomial_dynamic_ordering,"[4, 2, 3, 5, 0, 1]",100,67,25,38,20,19,98,2,41
585,,6,37,pauli_polynomial_dynamic_ordering,"[5, 2, 3, 4, 0, 1]",102,73,26,43,30,19,97,3,39
586,,6,37,pauli_polynomial_dynamic_ordering,"[4, 2, 5, 3, 0, 1]",98,68,23,38,23,16,90,2,45
587,,6,37,pauli_polynomial_dynamic_ordering,"[5, 2, 4, 3, 0, 1]",101,72,25,43,31,15,89,3,43
588,,6,37,pauli_polynomial_dynamic_ordering,"[3, 4, 2, 5, 0, 1]",105,78,24,36,16,20,91,4,44
589,,6,37,pauli_polynomial_dynamic_ordering,"[3, 5, 2, 4, 0, 1]",108,74,26,40,22,21,95,2,42
590,,6,37,pauli_polynomial_dynamic_ordering,"[4, 3, 2, 5, 0, 1]",104,77,24,34,17,20,94,4,43
591,,6,37,pauli_polynomial_dynamic_ordering,"[5, 3, 2, 4, 0, 1]",96,66,29,43,28,20,101,1,37
592,,6,37,pauli_polynomial_dynamic_ordering,"[4, 5, 2, 3, 0, 1]",93,64,25,39,26,17,98,2,41
593,,6,37,pauli_polynomial_dynamic_ordering,"[5, 4, 2, 3, 0, 1]",101,76,28,44,31,16,101,1,37
594,,6,37,pauli_polynomial_dynamic_ordering,"[3, 4, 5, 2, 0, 1]",89,68,21,31,16,17,89,5,45
595,,6,37,pauli_polynomial_dynamic_ordering,"[3, 5, 4, 2, 0, 1]",84,62,24,35,20,17,93,3,43
596,,6,37,pauli_polynomial_dynamic_ordering,"[4, 3, 5, 2, 0, 1]",96,67,21,29,17,17,84,5,48
597,,6,37,pauli_polynomial_dynamic_ordering,"[5, 3, 4, 2, 0, 1]",102,73,25,38,26,16,87,4,44
598,,6,37,pauli_polynomial_dynamic_ordering,"[4, 5, 3, 2, 0, 1]",94,68,24,34,23,17,96,3,42
599,,6,37,pauli_polynomial_dynamic_ordering,"[5, 4, 3, 2, 0, 1]",95,66,25,39,28,16,95,4,40
600,,6,37,pauli_polynomial_dynamic_ordering,"[1, 2, 3, 4, 5, 0]",111,81,24,36,20,23,99,6,41
601,,6,37,pauli_polynomial_dynamic_ordering,"[1, 2, 3, 5, 4, 0]",108,82,25,36,21,21,103,4,39
602,,6,37,pauli_polynomial_dynamic_ordering,"[1, 2, 4, 3, 5, 0]",103,72,23,34,18,22,91,6,45
603,,6,37,pauli_polynomial_dynamic_ordering,"[1, 2, 5, 3, 4, 0]",97,68,22,33,21,17,91,6,45
604,,6,37,pauli_polynomial_dynamic_ordering,"[1, 2, 4, 5, 3, 0]",108,75,24,33,18,19,95,4,43
605,,6,37,pauli_polynomial_dynamic_ordering,"[1, 2, 5, 4, 3, 0]",87,64,22,32,20,16,91,6,45
606,,6,37,pauli_polynomial_dynamic_ordering,"[1, 3, 2, 4, 5, 0]",98,69,27,37,20,23,101,2,40
607,,6,37,pauli_polynomial_dynamic_ordering,"[1, 3, 2, 5, 4, 0]",105,69,26,37,21,21,101,2,40
608,,6,37,pauli_polynomial_dynamic_ordering,"[1, 4, 2, 3, 5, 0]",106,80,26,35,17,25,101,3,40
609,,6,37,pauli_polynomial_dynamic_ordering,"[1, 5, 2, 3, 4, 0]",102,74,25,37,24,16,101,4,40
610,,6,37,pauli_polynomial_dynamic_ordering,"[1, 4, 2, 5, 3, 0]",99,70,25,34,17,22,93,3,44
611,,6,37,pauli_polynomial_dynamic_ordering,"[1, 5, 2, 4, 3, 0]",103,75,25,36,23,15,93,4,44
612,,6,37,pauli_polynomial_dynamic_ordering,"[1, 3, 4, 2, 5, 0]",104,74,23,33,17,21,89,4,46
613,,6,37,pauli_polynomial_dynamic_ordering,"[1, 3, 5, 2, 4, 0]",99,66,25,37,21,16,93,2,44
614,,6,37,pauli_polynomial_dynamic_ordering,"[1, 4, 3, 2, 5, 0]",106,76,23,33,16,24,97,5,42
615,,6,37,pauli_polynomial_dynamic_ordering,"[1, 5, 3, 2, 4, 0]",100,62,27,40,24,15,105,2,38
616,,6,37,pauli_polynomial_dynamic_ordering,"[1, 4, 5, 2, 3, 0]",104,74,26,36,19,21,101,3,40
617,,6,37,pauli_polynomial_dynamic_ordering,"[1, 5, 4, 2, 3, 0]",98,71,28,39,23,17,105,2,38
618,,6,37,pauli_polynomial_dynamic_ordering,"[1, 3, 4, 5, 2, 0]",96,66,20,30,16,16,87,5,47
619,,6,37,pauli_polynomial_dynamic_ordering,"[1, 3, 5, 4, 2, 0]",106,75,23,34,19,13,91,3,45
620,,6,37,pauli_polynomial_dynamic_ordering,"[1, 4, 3, 5, 2, 0]",102,66,20,30,15,19,87,6,47
621,,6,37,pauli_polynomial_dynamic_ordering,"[1, 5, 3, 4, 2, 0]",113,77,23,37,22,12,91,5,45
622,,6,37,pauli_polynomial_dynamic_ordering,"[1, 4, 5, 3, 2, 0]",101,72,24,34,18,19,99,4,41
623,,6,37,pauli_polynomial_dynamic_ordering,"[1, 5, 4, 3, 2, 0]",114,78,24,37,22,15,99,5,41
624,,6,37,pauli_polynomial_dynamic_ordering,"[2, 1, 3, 4, 5, 0]",91,68,22,36,16,24,91,6,45
625,,6,37,pauli_polynomial_dynamic_ordering,"[2, 1, 3, 5, 4, 0]",95,69,24,36,17,22,95,4,43
626,,6,37,pauli_polynomial_dynamic_ordering,"[2, 1, 4, 3, 5, 0]",101,71,20,34,14,23,91,7,45
627,,6,37,pauli_polynomial_dynamic_ordering,"[2, 1, 5, 3, 4, 0]",101,73,21,33,17,18,95,6,43
628,,6,37,pauli_polynomial_dynamic_ordering,"[2, 1, 4, 5, 3, 0]",105,72,23,33,14,20,95,5,43
629,,6,37,pauli_polynomial_dynamic_ordering,"[2, 1, 5, 4, 3, 0]",96,68,22,32,16,17,95,6,43
630,,6,37,pauli_polynomial_dynamic_ordering,"[3, 1, 2, 4, 5, 0]",96,68,25,39,15,26,98,4,41
631,,6,37,pauli_polynomial_dynamic_ordering,"[3, 1, 2, 5, 4, 0]",106,75,25,39,16,24,98,4,41
632,,6,37,pauli_polynomial_dynamic_ordering,"[4, 1, 2, 3, 5, 0]",93,61,24,35,13,28,101,5,40
633,,6,37,pauli_polynomial_dynamic_ordering,"[5, 1, 2, 3, 4, 0]",102,73,26,42,25,18,104,5,36
634,,6,37,pauli_polynomial_dynamic_ordering,"[4, 1, 2, 5, 3, 0]",114,80,23,34,13,25,93,5,44
635,,6,37,pauli_polynomial_dynamic_ordering,"[5, 1, 2, 4, 3, 0]",103,74,25,41,24,17,96,5,40
636,,6,37,pauli_polynomial_dynamic_ordering,"[3, 1, 4, 2, 5, 0]",99,75,24,35,12,24,96,3,42
637,,6,37,pauli_polynomial_dynamic_ordering,"[3, 1, 5, 2, 4, 0]",100,65,26,39,16,19,100,2,40
638,,6,37,pauli_polynomial_dynamic_ordering,"[4, 1, 3, 2, 5, 0]",99,71,25,33,12,27,99,3,41
639,,6,37,pauli_polynomial_dynamic_ordering,"[5, 1, 3, 2, 4, 0]",100,76,30,45,25,17,106,1,35
640,,6,37,pauli_polynomial_dynamic_ordering,"[4, 1, 5, 2, 3, 0]",110,78,26,36,15,24,103,3,39
641,,6,37,pauli_polynomial_dynamic_ordering,"[5, 1, 4, 2, 3, 0]",85,65,29,44,24,19,106,2,35
642,,6,37,pauli_polynomial_dynamic_ordering,"[3, 1, 4, 5, 2, 0]",101,72,23,32,11,19,94,4,43
643,,6,37,pauli_polynomial_dynamic_ordering,"[3, 1, 5, 4, 2, 0]",94,74,25,36,14,16,98,3,41
644,,6,37,pauli_polynomial_dynamic_ordering,"[4, 1, 3, 5, 2, 0]",90,63,22,30,11,22,89,4,46
645,,6,37,pauli_polynomial_dynamic_ordering,"[5, 1, 3, 4, 2, 0]",91,67,25,42,23,14,92,4,42
646,,6,37,pauli_polynomial_dynamic_ordering,"[4, 1, 5, 3, 2, 0]",102,72,24,34,14,22,101,4,40
647,,6,37,pauli_polynomial_dynamic_ordering,"[5, 1, 4, 3, 2, 0]",92,68,25,42,23,17,100,5,38
648,,6,37,pauli_polynomial_dynamic_ordering,"[2, 3, 1, 4, 5, 0]",103,75,27,41,15,28,101,3,40
649,,6,37,pauli_polynomial_dynamic_ordering,"[2, 3, 1, 5, 4, 0]",102,72,28,41,16,26,105,2,38
650,,6,37,pauli_polynomial_dynamic_ordering,"[2, 4, 1, 3, 5, 0]",102,70,23,36,13,23,93,3,44
651,,6,37,pauli_polynomial_dynamic_ordering,"[2, 5, 1, 3, 4, 0]",89,63,23,35,19,18,93,4,44
652,,6,37,pauli_polynomial_dynamic_ordering,"[2, 4, 1, 5, 3, 0]",100,71,24,35,13,20,97,3,42
653,,6,37,pauli_polynomial_dynamic_ordering,"[2, 5, 1, 4, 3, 0]",103,73,23,34,18,17,93,5,44
654,,6,37,pauli_polynomial_dynamic_ordering,"[3, 2, 1, 4, 5, 0]",98,71,27,43,14,30,106,5,37
655,,6,37,pauli_polynomial_dynamic_ordering,"[3, 2, 1, 5, 4, 0]",98,72,28,43,15,28,110,4,35
656,,6,37,pauli_polynomial_dynamic_ordering,"[4, 2, 1, 3, 5, 0]",101,75,24,36,13,25,93,4,44
657,,6,37,pauli_polynomial_dynamic_ordering,"[5, 2, 1, 3, 4, 0]",93,73,25,40,24,19,92,5,42
658,,6,37,pauli_polynomial_dynamic_ordering,"[4, 2, 1, 5, 3, 0]",93,63,23,35,13,22,97,4,42
659,,6,37,pauli_polynomial_dynamic_ordering,"[5, 2, 1, 4, 3, 0]",99,72,23,39,23,18,92,6,42
660,,6,37,pauli_polynomial_dynamic_ordering,"[3, 4, 1, 2, 5, 0]",93,68,22,32,8,25,94,7,43
661,,6,37,pauli_polynomial_dynamic_ordering,"[3, 5, 1, 2, 4, 0]",97,69,26,40,16,20,102,4,39
662,,6,37,pauli_polynomial_dynamic_ordering,"[4, 3, 1, 2, 5, 0]",85,60,23,30,9,25,89,6,46
663,,6,37,pauli_polynomial_dynamic_ordering,"[5, 3, 1, 2, 4, 0]",94,64,28,43,22,19,96,3,40
664,,6,37,pauli_polynomial_dynamic_ordering,"[4, 5, 1, 2, 3, 0]",102,77,27,38,18,22,105,4,38
665,,6,37,pauli_polynomial_dynamic_ordering,"[5, 4, 1, 2, 3, 0]",113,76,28,43,23,21,104,4,36
666,,6,37,pauli_polynomial_dynamic_ordering,"[3, 4, 1, 5, 2, 0]",103,70,23,29,7,20,94,6,43
667,,6,37,pauli_polynomial_dynamic_ordering,"[3, 5, 1, 4, 2, 0]",99,72,26,37,14,17,98,4,41
668,,6,37,pauli_polynomial_dynamic_ordering,"[4, 3, 1, 5, 2, 0]",91,68,22,27,8,20,89,5,46
669,,6,37,pauli_polynomial_dynamic_ordering,"[5, 3, 1, 4, 2, 0]",99,68,26,40,20,16,92,3,42
670,,6,37,pauli_polynomial_dynamic_ordering,"[4, 5, 1, 3, 2, 0]",108,74,27,36,17,20,101,3,40
671,,6,37,pauli_polynomial_dynamic_ordering,"[5, 4, 1, 3, 2, 0]",96,75,28,41,22,19,100,3,38
672,,6,37,pauli_polynomial_dynamic_ordering,"[2, 3, 4, 1, 5, 0]",107,81,25,41,14,27,101,5,40
673,,6,37,pauli_polynomial_dynamic_ordering,"[2, 3, 5, 1, 4, 0]",92,70,26,41,17,26,105,3,38
674,,6,37,pauli_polynomial_dynamic_ordering,"[2, 4, 3, 1, 5, 0]",101,72,23,38,14,23,93,4,44
675,,6,37,pauli_polynomial_dynamic_ordering,"[2, 5, 3, 1, 4, 0]",108,75,24,38,20,22,93,3,44
676,,6,37,pauli_polynomial_dynamic_ordering,"[2, 4, 5, 1, 3, 0]",103,74,24,37,17,17,97,2,42
677,,6,37,pauli_polynomial_dynamic_ordering,"[2, 5, 4, 1, 3, 0]",93,67,24,37,20,17,93,3,44
678,,6,37,pauli_polynomial_dynamic_ordering,"[3, 2, 4, 1, 5, 0]",90,62,29,43,13,29,108,3,36
679,,6,37,pauli_polynomial_dynamic_ordering,"[3, 2, 5, 1, 4, 0]",105,69,28,43,16,28,108,3,36
680,,6,37,pauli_polynomial_dynamic_ordering,"[4, 2, 3, 1, 5, 0]",107,77,27,38,14,25,103,2,39
681,,6,37,pauli_polynomial_dynamic_ordering,"[5, 2, 3, 1, 4, 0]",97,71,28,43,25,23,102,2,37
682,,6,37,pauli_polynomial_dynamic_ordering,"[4, 2, 5, 1, 3, 0]",94,67,24,37,17,19,95,2,43
683,,6,37,pauli_polynomial_dynamic_ordering,"[5, 2, 4, 1, 3, 0]",84,62,26,42,25,18,94,2,41
684,,6,37,pauli_polynomial_dynamic_ordering,"[3, 4, 2, 1, 5, 0]",91,63,25,36,10,26,98,6,41
685,,6,37,pauli_polynomial_dynamic_ordering,"[3, 5, 2, 1, 4, 0]",97,69,25,40,17,25,98,5,41
686,,6,37,pauli_polynomial_dynamic_ordering,"[4, 3, 2, 1, 5, 0]",90,62,25,34,11,26,101,6,40
687,,6,37,pauli_polynomial_dynamic_ordering,"[5, 3, 2, 1, 4, 0]",94,64,27,43,23,24,104,4,36
688,,6,37,pauli_polynomial_dynamic_ordering,"[4, 5, 2, 1, 3, 0]",99,72,25,38,20,20,93,4,44
689,,6,37,pauli_polynomial_dynamic_ordering,"[5, 4, 2, 1, 3, 0]",98,73,27,43,25,19,96,3,40
690,,6,37,pauli_polynomial_dynamic_ordering,"[3, 4, 5, 1, 2, 0]",91,67,22,28,9,18,96,7,42
691,,6,37,pauli_polynomial_dynamic_ordering,"[3, 5, 4, 1, 2, 0]",98,71,23,32,13,18,96,6,42
692,,6,37,pauli_polynomial_dynamic_ordering,"[4, 3, 5, 1, 2, 0]",97,69,20,26,10,18,91,7,45
693,,6,37,pauli_polynomial_dynamic_ordering,"[5, 3, 4, 1, 2, 0]",102,80,21,35,19,17,90,7,43
694,,6,37,pauli_polynomial_dynamic_ordering,"[4, 5, 3, 1, 2, 0]",99,69,23,31,16,18,91,5,45
695,,6,37,pauli_polynomial_dynamic_ordering,"[5, 4, 3, 1, 2, 0]",100,71,23,36,21,17,90,6,43
696,,6,37,pauli_polynomial_dynamic_ordering,"[2, 3, 4, 5, 1, 0]",106,79,26,41,17,24,103,4,39
697,,6,37,pauli_polynomial_dynamic_ordering,"[2, 3, 5, 4, 1, 0]",107,75,26,41,19,25,103,3,39
698,,6,37,pauli_polynomial_dynamic_ordering,"[2, 4, 3, 5, 1, 0]",96,67,23,38,17,20,95,4,43
699,,6,37,pauli_polynomial_dynamic_ordering,"[2, 5, 3, 4, 1, 0]",107,78,22,38,22,21,91,5,45
700,,6,37,pauli_polynomial_dynamic_ordering,"[2, 4, 5, 3, 1, 0]",112,83,23,38,20,17,95,2,43
701,,6,37,pauli_polynomial_dynamic_ordering,"[2, 5, 4, 3, 1, 0]",106,77,22,38,23,17,91,4,45
702,,6,37,pauli_polynomial_dynamic_ordering,"[3, 2, 4, 5, 1, 0]",104,69,30,43,16,26,110,2,35
703,,6,37,pauli_polynomial_dynamic_ordering,"[3, 2, 5, 4, 1, 0]",104,74,28,43,18,27,106,3,37
704,,6,37,pauli_polynomial_dynamic_ordering,"[4, 2, 3, 5, 1, 0]",89,66,26,38,17,22,105,2,38
705,,6,37,pauli_polynomial_dynamic_ordering,"[5, 2, 3, 4, 1, 0]",100,75,26,43,27,22,100,4,38
706,,6,37,pauli_polynomial_dynamic_ordering,"[4, 2, 5, 3, 1, 0]",110,78,24,38,20,19,93,2,44
707,,6,37,pauli_polynomial_dynamic_ordering,"[5, 2, 4, 3, 1, 0]",99,74,26,43,28,18,92,3,42
708,,6,37,pauli_polynomial_dynamic_ordering,"[3, 4, 2, 5, 1, 0]",102,72,27,36,13,23,98,4,41
709,,6,37,pauli_polynomial_dynamic_ordering,"[3, 5, 2, 4, 1, 0]",95,72,27,40,19,24,98,3,41
710,,6,37,pauli_polynomial_dynamic_ordering,"[4, 3, 2, 5, 1, 0]",101,71,26,34,14,23,101,4,40
711,,6,37,pauli_polynomial_dynamic_ordering,"[5, 3, 2, 4, 1, 0]",107,76,29,43,25,23,104,2,36
712,,6,37,pauli_polynomial_dynamic_ordering,"[4, 5, 2, 3, 1, 0]",111,81,27,39,23,20,101,2,40
713,,6,37,pauli_polynomial_dynamic_ordering,"[5, 4, 2, 3, 1, 0]",100,77,30,44,28,19,104,1,36
714,,6,37,pauli_polynomial_dynamic_ordering,"[3, 4, 5, 2, 1, 0]",104,73,23,31,13,20,96,6,42
715,,6,37,pauli_polynomial_dynamic_ordering,"[3, 5, 4, 2, 1, 0]",107,71,25,35,17,20,100,4,40
716,,6,37,pauli_polynomial_dynamic_ordering,"[4, 3, 5, 2, 1, 0]",92,61,22,29,14,20,91,6,45
717,,6,37,pauli_polynomial_dynamic_ordering,"[5, 3, 4, 2, 1, 0]",98,72,25,38,23,19,94,5,41
718,,6,37,pauli_polynomial_dynamic_ordering,"[4, 5, 3, 2, 1, 0]",92,62,25,34,20,20,103,4,39
719,,6,37,pauli_polynomial_dynamic_ordering,"[5, 4, 3, 2, 1, 0]",96,67,26,39,25,19,102,5,37
